ICAO;YEAR;TRAFFIC
EBAW;2016;7910
EBAW;2017;6968
EBAW;2018;7569
EBAW;2019;6586
EBAW;2020;4051
EBAW;2021;6669
EBAW;2022;6547
EBAW;2023;814
EBBR;2016;109057
EBBR;2017;116354
EBBR;2018;114961
EBBR;2019;114642
EBBR;2020;45668
EBBR;2021;57074
EBBR;2022;87105
EBBR;2023;12495
EBCI;2016;24880
EBCI;2017;25562
EBCI;2018;26738
EBCI;2019;27399
EBCI;2020;12412
EBCI;2021;16605
EBCI;2022;28796
EBCI;2023;4144
EBLG;2016;16362
EBLG;2017;16251
EBLG;2018;17280
EBLG;2019;17432
EBLG;2020;18356
EBLG;2021;20937
EBLG;2022;16584
EBLG;2023;2087
EBOS;2016;3337
EBOS;2017;3236
EBOS;2018;3313
EBOS;2019;3537
EBOS;2020;2603
EBOS;2021;3389
EBOS;2022;3922
EBOS;2023;631
EDDB;2016;47392
EDDB;2017;49907
EDDB;2018;50393
EDDB;2019;45008
EDDB;2020;21449
EDDB;2021;51892
EDDB;2022;80968
EDDB;2023;11087
EDDC;2016;11360
EDDC;2017;10744
EDDC;2018;11061
EDDC;2019;10233
EDDC;2020;4184
EDDC;2021;3620
EDDC;2022;6123
EDDC;2023;789
EDDE;2016;2521
EDDE;2017;2882
EDDE;2018;2804
EDDE;2019;2249
EDDE;2020;1646
EDDE;2021;1750
EDDE;2022;1537
EDDE;2023;163
EDDF;2016;231422
EDDF;2017;237747
EDDF;2018;256008
EDDF;2019;256927
EDDF;2020;106180
EDDF;2021;130952
EDDF;2022;191041
EDDF;2023;28469
EDDG;2016;8402
EDDG;2017;9240
EDDG;2018;9655
EDDG;2019;9079
EDDG;2020;5012
EDDG;2021;5720
EDDG;2022;8418
EDDG;2023;966
EDDH;2016;76116
EDDH;2017;77171
EDDH;2018;74601
EDDH;2019;74560
EDDH;2020;29893
EDDH;2021;31465
EDDH;2022;51376
EDDH;2023;6951
EDDK;2016;66990
EDDK;2017;69175
EDDK;2018;70721
EDDK;2019;70194
EDDK;2020;38856
EDDK;2021;44681
EDDK;2022;59165
EDDK;2023;7149
EDDL;2016;108488
EDDL;2017;110488
EDDL;2018;109163
EDDL;2019;112762
EDDL;2020;39323
EDDL;2021;40984
EDDL;2022;70095
EDDL;2023;8582
EDDM;2016;195885
EDDM;2017;200953
EDDM;2018;205274
EDDM;2019;207110
EDDM;2020;72145
EDDM;2021;75244
EDDM;2022;141037
EDDM;2023;19874
EDDN;2016;24763
EDDN;2017;26550
EDDN;2018;27006
EDDN;2019;24458
EDDN;2020;9797
EDDN;2021;10162
EDDN;2022;18024
EDDN;2023;2187
EDDP;2016;30813
EDDP;2017;33022
EDDP;2018;37330
EDDP;2019;37690
EDDP;2020;30857
EDDP;2021;36933
EDDP;2022;39117
EDDP;2023;5748
EDDR;2016;4678
EDDR;2017;4417
EDDR;2018;4541
EDDR;2019;3950
EDDR;2020;1963
EDDR;2021;2025
EDDR;2022;2655
EDDR;2023;260
EDDS;2016;59534
EDDS;2017;59009
EDDS;2018;64127
EDDS;2019;66298
EDDS;2020;24949
EDDS;2021;25637
EDDS;2022;38435
EDDS;2023;4747
EDDT;2016;91931
EDDT;2017;85890
EDDT;2018;92600
EDDT;2019;95858
EDDT;2020;29802
EDDV;2016;30914
EDDV;2017;31172
EDDV;2018;32914
EDDV;2019;32236
EDDV;2020;13454
EDDV;2021;15694
EDDV;2022;22325
EDDV;2023;2676
EDDW;2016;16324
EDDW;2017;14973
EDDW;2018;15471
EDDW;2019;14620
EDDW;2020;7083
EDDW;2021;6798
EDDW;2022;10010
EDDW;2023;1376
EETN;2016;18575
EETN;2017;20848
EETN;2018;22553
EETN;2019;21955
EETN;2020;9585
EETN;2021;11448
EETN;2022;17069
EETN;2023;2447
EETU;2016;732
EETU;2017;840
EETU;2018;713
EETU;2019;819
EETU;2020;455
EETU;2021;463
EETU;2022;677
EETU;2023;39
EFHK;2016;84285
EFHK;2017;88305
EFHK;2018;96245
EFHK;2019;97320
EFHK;2020;36386
EFHK;2021;36134
EFHK;2022;66355
EFHK;2023;11018
EGAA;2016;22772
EGAA;2017;24135
EGAA;2018;25448
EGAA;2019;25740
EGAA;2020;11485
EGAA;2021;14092
EGAA;2022;21591
EGAA;2023;3000
EGAC;2016;21232
EGAC;2017;18787
EGAC;2018;18072
EGAC;2019;17571
EGAC;2020;5179
EGAC;2021;6355
EGAC;2022;12654
EGAC;2023;2208
EGAE;2016;1072
EGAE;2017;1133
EGAE;2018;1363
EGAE;2019;1733
EGAE;2020;921
EGAE;2021;1231
EGAE;2022;1885
EGAE;2023;246
EGBB;2016;55328
EGBB;2017;59579
EGBB;2018;55093
EGBB;2019;53899
EGBB;2020;17433
EGBB;2021;17265
EGBB;2022;39769
EGBB;2023;5557
EGCC;2016;96071
EGCC;2017;101814
EGCC;2018;100634
EGCC;2019;101468
EGCC;2020;33277
EGCC;2021;33326
EGCC;2022;79253
EGCC;2023;10991
EGGD;2016;32317
EGGD;2017;33743
EGGD;2018;34969
EGGD;2019;33211
EGGD;2020;12124
EGGD;2021;12255
EGGD;2022;30114
EGGD;2023;3966
EGGW;2016;65452
EGGW;2017;67544
EGGW;2018;67866
EGGW;2019;70474
EGGW;2020;31681
EGGW;2021;30710
EGGW;2022;58895
EGGW;2023;8623
EGHI;2016;20774
EGHI;2017;21703
EGHI;2018;19315
EGHI;2019;17778
EGHI;2020;5260
EGHI;2021;5536
EGHI;2022;9954
EGHI;2023;1466
EGKB;2016;6677
EGKB;2017;7773
EGKB;2018;8703
EGKB;2019;8576
EGKB;2020;7487
EGKB;2021;9485
EGKB;2022;13097
EGKB;2023;1588
EGKK;2016;140031
EGKK;2017;142981
EGKK;2018;141952
EGKK;2019;142450
EGKK;2020;40143
EGKK;2021;27925
EGKK;2022;108836
EGKK;2023;15845
EGLC;2016;42504
EGLC;2017;40180
EGLC;2018;40356
EGLC;2019;42077
EGLC;2020;9764
EGLC;2021;7240
EGLC;2022;23436
EGLC;2023;3951
EGLF;2016;11944
EGLF;2017;12897
EGLF;2018;14788
EGLF;2019;15435
EGLF;2020;9659
EGLF;2021;12621
EGLF;2022;16095
EGLF;2023;2106
EGLL;2016;237524
EGLL;2017;237957
EGLL;2018;238881
EGLL;2019;239021
EGLL;2020;102352
EGLL;2021;97677
EGLL;2022;190172
EGLL;2023;33943
EGNX;2016;32589
EGNX;2017;33713
EGNX;2018;34521
EGNX;2019;33853
EGNX;2020;21796
EGNX;2021;23418
EGNX;2022;29393
EGNX;2023;3729
EGPD;2016;30900
EGPD;2017;31324
EGPD;2018;28221
EGPD;2019;25664
EGPD;2020;12242
EGPD;2021;13599
EGPD;2022;18406
EGPD;2023;3100
EGPF;2016;46290
EGPF;2017;47639
EGPF;2018;45348
EGPF;2019;42204
EGPF;2020;14940
EGPF;2021;16296
EGPF;2022;31827
EGPF;2023;4255
EGPH;2016;60611
EGPH;2017;63639
EGPH;2018;64778
EGPH;2019;65741
EGPH;2020;22941
EGPH;2021;21799
EGPH;2022;48974
EGPH;2023;7383
EGSS;2016;89487
EGSS;2017;94080
EGSS;2018;100058
EGSS;2019;99294
EGSS;2020;42708
EGSS;2021;46301
EGSS;2022;87962
EGSS;2023;13146
EHAM;2016;245264
EHAM;2017;254159
EHAM;2018;255694
EHAM;2019;254632
EHAM;2020;117918
EHAM;2021;139982
EHAM;2022;207938
EHAM;2023;30229
EHBK;2016;4181
EHBK;2017;4246
EHBK;2018;4712
EHBK;2019;4958
EHBK;2020;3976
EHBK;2021;4449
EHBK;2022;4842
EHBK;2023;502
EHGG;2016;4471
EHGG;2017;4736
EHGG;2018;5620
EHGG;2019;5266
EHGG;2020;3945
EHGG;2021;4005
EHGG;2022;5252
EHGG;2023;806
EHRD;2016;12862
EHRD;2017;11461
EHRD;2018;12436
EHRD;2019;12742
EHRD;2020;5902
EHRD;2021;7373
EHRD;2022;13431
EHRD;2023;1633
EICK;2016;11902
EICK;2017;12639
EICK;2018;12345
EICK;2019;13497
EICK;2020;5841
EICK;2021;4090
EICK;2022;9948
EICK;2023;1354
EIDL;2016;952
EIDL;2017;945
EIDL;2018;937
EIDL;2019;950
EIDL;2020;758
EIDL;2021;697
EIDL;2022;786
EIDL;2023;116
EIDW;2016;107001
EIDW;2017;111153
EIDW;2018;116180
EIDW;2019;119011
EIDW;2020;43421
EIDW;2021;45519
EIDW;2022;105660
EIDW;2023;16268
EIKN;2016;3200
EIKN;2017;3199
EIKN;2018;3294
EIKN;2019;3344
EIKN;2020;872
EIKN;2021;832
EIKN;2022;2796
EIKN;2023;331
EIKY;2016;2044
EIKY;2017;2065
EIKY;2018;2251
EIKY;2019;2377
EIKY;2020;1416
EIKY;2021;1425
EIKY;2022;2308
EIKY;2023;323
EINN;2016;10788
EINN;2017;10859
EINN;2018;11166
EINN;2019;10668
EINN;2020;4551
EINN;2021;5239
EINN;2022;10281
EINN;2023;1407
EIWF;2016;558
EIWF;2017;215
EIWF;2018;194
EIWF;2019;174
EIWF;2020;221
EIWF;2021;363
EIWF;2022;277
EIWF;2023;35
EKCH;2016;132849
EKCH;2017;129611
EKCH;2018;133047
EKCH;2019;131691
EKCH;2020;49097
EKCH;2021;54932
EKCH;2022;101075
EKCH;2023;15247
ELLX;2016;32762
ELLX;2017;35299
ELLX;2018;37406
ELLX;2019;38116
ELLX;2020;20148
ELLX;2021;23836
ELLX;2022;34869
ELLX;2023;4872
ENBR;2016;43543
ENBR;2017;41803
ENBR;2018;42684
ENBR;2019;44137
ENBR;2020;31241
ENBR;2021;35270
ENBR;2022;46914
ENBR;2023;6788
ENGM;2016;122580
ENGM;2017;125611
ENGM;2018;128771
ENGM;2019;125947
ENGM;2020;61272
ENGM;2021;61866
ENGM;2022;102763
ENGM;2023;14958
ENHD;2016;3485
ENHD;2017;3075
ENHD;2018;3062
ENHD;2019;3111
ENHD;2020;1860
ENHD;2021;2450
ENHD;2022;3692
ENHD;2023;577
ENVA;2016;28720
ENVA;2017;28312
ENVA;2018;27325
ENVA;2019;26971
ENVA;2020;16827
ENVA;2021;19628
ENVA;2022;27159
ENVA;2023;4054
ENZV;2016;33825
ENZV;2017;31872
ENZV;2018;31707
ENZV;2019;32996
ENZV;2020;21146
ENZV;2021;22211
ENZV;2022;29978
ENZV;2023;4501
EPBY;2016;1640
EPBY;2017;1666
EPBY;2018;2082
EPBY;2019;2211
EPBY;2020;1051
EPBY;2021;1056
EPBY;2022;1730
EPBY;2023;288
EPGD;2016;18906
EPGD;2017;20095
EPGD;2018;21548
EPGD;2019;22554
EPGD;2020;10790
EPGD;2021;12719
EPGD;2022;20425
EPGD;2023;2788
EPKK;2016;22513
EPKK;2017;24837
EPKK;2018;27458
EPKK;2019;31639
EPKK;2020;13548
EPKK;2021;16448
EPKK;2022;28693
EPKK;2023;4371
EPKT;2016;14099
EPKT;2017;15870
EPKT;2018;18749
EPKT;2019;18899
EPKT;2020;8642
EPKT;2021;12277
EPKT;2022;18356
EPKT;2023;2209
EPLB;2016;1634
EPLB;2017;2005
EPLB;2018;2139
EPLB;2019;1643
EPLB;2020;840
EPLB;2021;912
EPLB;2022;1770
EPLB;2023;191
EPLL;2016;2347
EPLL;2017;1979
EPLL;2018;1872
EPLL;2019;1872
EPLL;2020;1168
EPLL;2021;1533
EPLL;2022;1767
EPLL;2023;320
EPMO;2016;9501
EPMO;2017;9376
EPMO;2018;9840
EPMO;2019;9887
EPMO;2020;4279
EPMO;2021;6529
EPMO;2022;10631
EPMO;2023;1360
EPPO;2016;9198
EPPO;2017;9704
EPPO;2018;12192
EPPO;2019;11542
EPPO;2020;5409
EPPO;2021;6917
EPPO;2022;11326
EPPO;2023;1500
EPRZ;2016;3976
EPRZ;2017;4091
EPRZ;2018;4636
EPRZ;2019;4327
EPRZ;2020;1997
EPRZ;2021;2121
EPRZ;2022;7153
EPRZ;2023;993
EPSC;2016;2548
EPSC;2017;2899
EPSC;2018;3096
EPSC;2019;3003
EPSC;2020;1620
EPSC;2021;1622
EPSC;2022;2536
EPSC;2023;367
EPWA;2016;76963
EPWA;2017;85603
EPWA;2018;93677
EPWA;2019;97098
EPWA;2020;39923
EPWA;2021;47312
EPWA;2022;72413
EPWA;2023;11039
EPWR;2016;12099
EPWR;2017;13299
EPWR;2018;15471
EPWR;2019;15610
EPWR;2020;6826
EPWR;2021;8695
EPWR;2022;13195
EPWR;2023;1832
ESGG;2016;35281
ESGG;2017;36308
ESGG;2018;36239
ESGG;2019;34627
ESGG;2020;12043
ESGG;2021;13610
ESGG;2022;23718
ESGG;2023;3524
ESSA;2016;117256
ESSA;2017;124421
ESSA;2018;121875
ESSA;2019;116507
ESSA;2020;43065
ESSA;2021;45516
ESSA;2022;85215
ESSA;2023;13384
ESSB;2016;26408
ESSB;2017;26624
ESSB;2018;27268
ESSB;2019;25894
ESSB;2020;9310
ESSB;2021;11123
ESSB;2022;16415
ESSB;2023;2656
EVRA;2016;33858
EVRA;2017;37226
EVRA;2018;41536
EVRA;2019;43322
EVRA;2020;17587
EVRA;2021;19143
EVRA;2022;27307
EVRA;2023;4055
EYKA;2016;3559
EYKA;2017;5621
EYKA;2018;4408
EYKA;2019;4774
EYKA;2020;2882
EYKA;2021;3303
EYKA;2022;5003
EYKA;2023;786
EYPA;2016;1783
EYPA;2017;2042
EYPA;2018;2083
EYPA;2019;2140
EYPA;2020;1040
EYPA;2021;832
EYPA;2022;1682
EYPA;2023;257
EYSA;2016;881
EYSA;2017;995
EYSA;2018;1144
EYSA;2019;1355
EYSA;2020;1432
EYSA;2021;1396
EYSA;2022;1891
EYSA;2023;218
EYVI;2016;20343
EYVI;2017;19329
EYVI;2018;23237
EYVI;2019;23374
EYVI;2020;10163
EYVI;2021;11854
EYVI;2022;18019
EYVI;2023;2397
GCFV;2016;22229
GCFV;2017;23540
GCFV;2018;25296
GCFV;2019;23203
GCFV;2020;11936
GCFV;2021;16414
GCFV;2022;23970
GCFV;2023;3792
GCGM;2016;715
GCGM;2017;746
GCGM;2018;837
GCGM;2019;928
GCGM;2020;793
GCGM;2021;986
GCGM;2022;1127
GCGM;2023;233
GCHI;2016;1665
GCHI;2017;1891
GCHI;2018;2308
GCHI;2019;2441
GCHI;2020;1858
GCHI;2021;2244
GCHI;2022;2640
GCHI;2023;346
GCLA;2016;7946
GCLA;2017;8531
GCLA;2018;10615
GCLA;2019;10975
GCLA;2020;6509
GCLA;2021;6583
GCLA;2022;10266
GCLA;2023;1592
GCLP;2016;54813
GCLP;2017;57961
GCLP;2018;63985
GCLP;2019;62126
GCLP;2020;32737
GCLP;2021;40808
GCLP;2022;59043
GCLP;2023;10552
GCRR;2016;26694
GCRR;2017;28997
GCRR;2018;29761
GCRR;2019;29569
GCRR;2020;14537
GCRR;2021;18679
GCRR;2022;31297
GCRR;2023;5277
GCTS;2016;32200
GCTS;2017;34252
GCTS;2018;34010
GCTS;2019;34334
GCTS;2020;14104
GCTS;2021;18678
GCTS;2022;35493
GCTS;2023;6944
GCXO;2016;26220
GCXO;2017;29073
GCXO;2018;35042
GCXO;2019;36289
GCXO;2020;21710
GCXO;2021;26012
GCXO;2022;33165
GCXO;2023;5043
GEML;2016;4109
GEML;2017;3693
GEML;2018;3734
GEML;2019;4595
GEML;2020;2399
GEML;2021;3785
GEML;2022;4767
GEML;2023;777
LATI;2016;11159
LATI;2017;12275
LATI;2018;12758
LATI;2019;14248
LATI;2020;7641
LATI;2021;13093
LATI;2022;19305
LATI;2023;2670
LBSF;2016;25307
LBSF;2017;28382
LBSF;2018;29809
LBSF;2019;30162
LBSF;2020;17510
LBSF;2021;19939
LBSF;2022;26491
LBSF;2023;4205
LCLK;2016;27158
LCLK;2017;31010
LCLK;2018;31997
LCLK;2019;30319
LCLK;2020;12123
LCLK;2021;19007
LCLK;2022;24752
LCLK;2023;3040
LCPH;2016;7980
LCPH;2017;8495
LCPH;2018;9339
LCPH;2019;9835
LCPH;2020;3673
LCPH;2021;6803
LCPH;2022;11180
LCPH;2023;1019
LDZA;2016;19798
LDZA;2017;20521
LDZA;2018;21562
LDZA;2019;22152
LDZA;2020;10628
LDZA;2021;14466
LDZA;2022;20855
LDZA;2023;3069
LEAL;2016;43420
LEAL;2017;47557
LEAL;2018;48287
LEAL;2019;50602
LEAL;2020;18499
LEAL;2021;25631
LEAL;2022;44882
LEAL;2023;5343
LEAM;2016;4969
LEAM;2017;5076
LEAM;2018;4911
LEAM;2019;4706
LEAM;2020;1828
LEAM;2021;2386
LEAM;2022;3739
LEAM;2023;431
LEAS;2016;5647
LEAS;2017;6143
LEAS;2018;5812
LEAS;2019;6329
LEAS;2020;2872
LEAS;2021;3769
LEAS;2022;5768
LEAS;2023;905
LEBB;2016;20739
LEBB;2017;21980
LEBB;2018;23576
LEBB;2019;24476
LEBB;2020;8870
LEBB;2021;11690
LEBB;2022;21037
LEBB;2023;2905
LEBL;2016;153931
LEBL;2017;161771
LEBL;2018;167833
LEBL;2019;172268
LEBL;2020;61317
LEBL;2021;81819
LEBL;2022;141717
LEBL;2023;20838
LECO;2016;5306
LECO;2017;5625
LECO;2018;5747
LECO;2019;5846
LECO;2020;2688
LECO;2021;3221
LECO;2022;4488
LECO;2023;772
LEDA;2016;218
LEDA;2017;252
LEDA;2018;562
LEDA;2019;1389
LEDA;2020;1244
LEDA;2021;2301
LEDA;2022;1747
LEDA;2023;97
LEGE;2016;6632
LEGE;2017;7606
LEGE;2018;7852
LEGE;2019;7821
LEGE;2020;2602
LEGE;2021;3373
LEGE;2022;6438
LEGE;2023;321
LEGR;2016;4145
LEGR;2017;4523
LEGR;2018;5367
LEGR;2019;5751
LEGR;2020;2635
LEGR;2021;3003
LEGR;2022;4502
LEGR;2023;767
LEIB;2016;34676
LEIB;2017;36664
LEIB;2018;37506
LEIB;2019;36683
LEIB;2020;15795
LEIB;2021;29935
LEIB;2022;39427
LEIB;2023;2502
LEJR;2016;7151
LEJR;2017;7568
LEJR;2018;7534
LEJR;2019;7548
LEJR;2020;3938
LEJR;2021;6329
LEJR;2022;7113
LEJR;2023;961
LELC;2016;4107
LELC;2017;4318
LELC;2018;4466
LELC;2019;209
LELC;2020;52
LELC;2021;133
LELC;2022;66
LELC;2023;13
LELL;2016;1059
LELL;2017;1038
LELL;2018;841
LELL;2019;1339
LELL;2020;1031
LELL;2021;1447
LELL;2022;1727
LELL;2023;256
LEMD;2016;189062
LEMD;2017;193818
LEMD;2018;204937
LEMD;2019;213189
LEMD;2020;82828
LEMD;2021;108791
LEMD;2022;175974
LEMD;2023;29126
LEMG;2016;61043
LEMG;2017;67425
LEMG;2018;68794
LEMG;2019;70389
LEMG;2020;28471
LEMG;2021;43720
LEMG;2022;69702
LEMG;2023;8442
LEMH;2016;15512
LEMH;2017;15017
LEMH;2018;15525
LEMH;2019;15615
LEMH;2020;7141
LEMH;2021;12950
LEMH;2022;17912
LEMH;2023;1298
LEPA;2016;98722
LEPA;2017;104339
LEPA;2018;110098
LEPA;2019;108540
LEPA;2020;38197
LEPA;2021;70277
LEPA;2022;110073
LEPA;2023;8297
LEPP;2016;1706
LEPP;2017;1772
LEPP;2018;1938
LEPP;2019;2057
LEPP;2020;1010
LEPP;2021;1327
LEPP;2022;1664
LEPP;2023;256
LERT;2016;2666
LERT;2017;2909
LERT;2018;2112
LERT;2019;2185
LERT;2020;1846
LERT;2021;2477
LERT;2022;2592
LERT;2023;377
LESB;2016;230
LESB;2017;221
LESB;2018;236
LESB;2019;268
LESB;2020;248
LESB;2021;527
LESB;2022;569
LESB;2023;40
LESO;2016;2640
LESO;2017;2844
LESO;2018;2699
LESO;2019;2769
LESO;2020;956
LESO;2021;1209
LESO;2022;2321
LESO;2023;297
LEST;2016;9960
LEST;2017;10112
LEST;2018;10375
LEST;2019;10609
LEST;2020;4705
LEST;2021;6915
LEST;2022;11949
LEST;2023;1583
LEVC;2016;27651
LEVC;2017;30575
LEVC;2018;34451
LEVC;2019;36239
LEVC;2020;15568
LEVC;2021;22036
LEVC;2022;34679
LEVC;2023;4828
LEVD;2016;1454
LEVD;2017;1333
LEVD;2018;1519
LEVD;2019;1409
LEVD;2020;645
LEVD;2021;1116
LEVD;2022;1404
LEVD;2023;176
LEVX;2016;4747
LEVX;2017;5198
LEVX;2018;5296
LEVX;2019;4852
LEVX;2020;2014
LEVX;2021;3442
LEVX;2022;5035
LEVX;2023;785
LEXJ;2016;3999
LEXJ;2017;4577
LEXJ;2018;4631
LEXJ;2019;4572
LEXJ;2020;1961
LEXJ;2021;2833
LEXJ;2022;4758
LEXJ;2023;652
LEZG;2016;3811
LEZG;2017;3936
LEZG;2018;4663
LEZG;2019;4268
LEZG;2020;3076
LEZG;2021;4150
LEZG;2022;4521
LEZG;2023;640
LEZL;2016;19459
LEZL;2017;20742
LEZL;2018;25247
LEZL;2019;29365
LEZL;2020;13605
LEZL;2021;17373
LEZL;2022;26560
LEZL;2023;4124
LFBA;2016;2151
LFBA;2017;2335
LFBA;2018;2154
LFBA;2019;1899
LFBA;2020;1091
LFBA;2021;906
LFBA;2022;869
LFBA;2023;120
LFBD;2016;32250
LFBD;2017;33185
LFBD;2018;34776
LFBD;2019;37359
LFBD;2020;14844
LFBD;2021;19282
LFBD;2022;27459
LFBD;2023;3519
LFBE;2016;2141
LFBE;2017;2255
LFBE;2018;2063
LFBE;2019;2180
LFBE;2020;1065
LFBE;2021;1219
LFBE;2022;1793
LFBE;2023;152
LFBH;2016;2562
LFBH;2017;2399
LFBH;2018;2511
LFBH;2019;2692
LFBH;2020;1306
LFBH;2021;1782
LFBH;2022;2201
LFBH;2023;211
LFBI;2016;2571
LFBI;2017;2628
LFBI;2018;2451
LFBI;2019;2457
LFBI;2020;1491
LFBI;2021;2067
LFBI;2022;2115
LFBI;2023;313
LFBL;2016;3258
LFBL;2017;3417
LFBL;2018;3118
LFBL;2019;3024
LFBL;2020;1807
LFBL;2021;2315
LFBL;2022;2982
LFBL;2023;464
LFBO;2016;45699
LFBO;2017;49691
LFBO;2018;48798
LFBO;2019;48044
LFBO;2020;20602
LFBO;2021;23951
LFBO;2022;35088
LFBO;2023;5610
LFBP;2016;5482
LFBP;2017;5874
LFBP;2018;5923
LFBP;2019;5945
LFBP;2020;2680
LFBP;2021;3404
LFBP;2022;4043
LFBP;2023;588
LFBT;2016;3392
LFBT;2017;3504
LFBT;2018;3572
LFBT;2019;3471
LFBT;2020;1773
LFBT;2021;2422
LFBT;2022;3201
LFBT;2023;389
LFBZ;2016;7063
LFBZ;2017;7264
LFBZ;2018;6915
LFBZ;2019;6156
LFBZ;2020;3302
LFBZ;2021;4747
LFBZ;2022;5859
LFBZ;2023;648
LFCR;2016;1794
LFCR;2017;2012
LFCR;2018;1848
LFCR;2019;1938
LFCR;2020;982
LFCR;2021;1476
LFCR;2022;1643
LFCR;2023;209
LFGJ;2016;1313
LFGJ;2017;1324
LFGJ;2018;1328
LFGJ;2019;1412
LFGJ;2020;981
LFGJ;2021;1255
LFGJ;2022;1438
LFGJ;2023;153
LFJL;2016;2925
LFJL;2017;3124
LFJL;2018;3282
LFJL;2019;3232
LFJL;2020;1149
LFJL;2021;890
LFJL;2022;1204
LFJL;2023;222
LFKB;2016;8093
LFKB;2017;8096
LFKB;2018;8510
LFKB;2019;8443
LFKB;2020;5648
LFKB;2021;7490
LFKB;2022;8489
LFKB;2023;900
LFKC;2016;3120
LFKC;2017;3140
LFKC;2018;3085
LFKC;2019;2983
LFKC;2020;2239
LFKC;2021;3069
LFKC;2022;3262
LFKC;2023;257
LFKF;2016;5229
LFKF;2017;5366
LFKF;2018;5386
LFKF;2019;5116
LFKF;2020;4368
LFKF;2021;6094
LFKF;2022;6246
LFKF;2023;285
LFKJ;2016;8445
LFKJ;2017;8742
LFKJ;2018;9008
LFKJ;2019;8617
LFKJ;2020;6146
LFKJ;2021;8212
LFKJ;2022;8952
LFKJ;2023;818
LFLB;2016;3256
LFLB;2017;3440
LFLB;2018;3452
LFLB;2019;3626
LFLB;2020;2653
LFLB;2021;1965
LFLB;2022;3767
LFLB;2023;1350
LFLC;2016;6562
LFLC;2017;6370
LFLC;2018;6027
LFLC;2019;5760
LFLC;2020;3045
LFLC;2021;3180
LFLC;2022;3883
LFLC;2023;550
LFLL;2016;55346
LFLL;2017;56185
LFLL;2018;56748
LFLL;2019;58266
LFLL;2020;22601
LFLL;2021;27388
LFLL;2022;40298
LFLL;2023;6399
LFLP;2016;1645
LFLP;2017;1538
LFLP;2018;1486
LFLP;2019;1677
LFLP;2020;1429
LFLP;2021;1885
LFLP;2022;2009
LFLP;2023;349
LFLS;2016;3170
LFLS;2017;3498
LFLS;2018;3654
LFLS;2019;3525
LFLS;2020;2656
LFLS;2021;2503
LFLS;2022;3380
LFLS;2023;931
LFLY;2016;4730
LFLY;2017;4586
LFLY;2018;4997
LFLY;2019;5045
LFLY;2020;3786
LFLY;2021;4940
LFLY;2022;4980
LFLY;2023;697
LFMD;2016;6862
LFMD;2017;6954
LFMD;2018;6903
LFMD;2019;7008
LFMD;2020;5567
LFMD;2021;7743
LFMD;2022;8596
LFMD;2023;663
LFMH;2016;1610
LFMH;2017;1202
LFMH;2018;893
LFMH;2019;837
LFMH;2020;648
LFMH;2021;973
LFMH;2022;810
LFMH;2023;54
LFMK;2016;2531
LFMK;2017;2718
LFMK;2018;2759
LFMK;2019;2865
LFMK;2020;1846
LFMK;2021;2005
LFMK;2022;2513
LFMK;2023;210
LFML;2016;48251
LFML;2017;48777
LFML;2018;48909
LFML;2019;51037
LFML;2020;23663
LFML;2021;29753
LFML;2022;45660
LFML;2023;6781
LFMN;2016;69787
LFMN;2017;71337
LFMN;2018;71822
LFMN;2019;72848
LFMN;2020;33152
LFMN;2021;47124
LFMN;2022;67566
LFMN;2023;7618
LFMP;2016;4242
LFMP;2017;4438
LFMP;2018;5113
LFMP;2019;5593
LFMP;2020;4452
LFMP;2021;5065
LFMP;2022;5990
LFMP;2023;713
LFMT;2016;14124
LFMT;2017;15297
LFMT;2018;14711
LFMT;2019;14632
LFMT;2020;8811
LFMT;2021;10873
LFMT;2022;12928
LFMT;2023;1552
LFMU;2016;2786
LFMU;2017;2892
LFMU;2018;3238
LFMU;2019;3268
LFMU;2020;1894
LFMU;2021;2460
LFMU;2022;2835
LFMU;2023;313
LFOB;2016;12861
LFOB;2017;11539
LFOB;2018;11883
LFOB;2019;12299
LFOB;2020;5252
LFOB;2021;8173
LFOB;2022;15116
LFOB;2023;2392
LFOK;2016;1905
LFOK;2017;2126
LFOK;2018;1684
LFOK;2019;1549
LFOK;2020;1381
LFOK;2021;1946
LFOK;2022;1827
LFOK;2023;275
LFPB;2016;26364
LFPB;2017;26996
LFPB;2018;28335
LFPB;2019;26751
LFPB;2020;16731
LFPB;2021;25950
LFPB;2022;31938
LFPB;2023;4194
LFPG;2016;239719
LFPG;2017;241402
LFPG;2018;244144
LFPG;2019;252530
LFPG;2020;110388
LFPG;2021;128106
LFPG;2022;204727
LFPG;2023;32414
LFPN;2016;4820
LFPN;2017;5004
LFPN;2018;4984
LFPN;2019;5183
LFPN;2020;5605
LFPN;2021;6566
LFPN;2022;5948
LFPN;2023;912
LFPO;2016;118787
LFPO;2017;116001
LFPO;2018;116114
LFPO;2019;110742
LFPO;2020;42336
LFPO;2021;60281
LFPO;2022;99349
LFPO;2023;14745
LFQQ;2016;11998
LFQQ;2017;12149
LFQQ;2018;12522
LFQQ;2019;12668
LFQQ;2020;5300
LFQQ;2021;7510
LFQQ;2022;9393
LFQQ;2023;1122
LFRB;2016;7730
LFRB;2017;7882
LFRB;2018;8146
LFRB;2019;8472
LFRB;2020;4641
LFRB;2021;6098
LFRB;2022;6375
LFRB;2023;969
LFRD;2016;1723
LFRD;2017;1711
LFRD;2018;1482
LFRD;2019;1368
LFRD;2020;1015
LFRD;2021;922
LFRD;2022;1068
LFRD;2023;148
LFRG;2016;1859
LFRG;2017;1975
LFRG;2018;1791
LFRG;2019;1830
LFRG;2020;990
LFRG;2021;1257
LFRG;2022;1431
LFRG;2023;114
LFRH;2016;2979
LFRH;2017;3024
LFRH;2018;3021
LFRH;2019;3325
LFRH;2020;2151
LFRH;2021;2097
LFRH;2022;2021
LFRH;2023;294
LFRK;2016;2705
LFRK;2017;2903
LFRK;2018;3533
LFRK;2019;3405
LFRK;2020;1783
LFRK;2021;2189
LFRK;2022;2435
LFRK;2023;272
LFRN;2016;8777
LFRN;2017;9313
LFRN;2018;9162
LFRN;2019;9047
LFRN;2020;3919
LFRN;2021;5291
LFRN;2022;6346
LFRN;2023;1019
LFRO;2016;728
LFRO;2017;628
LFRO;2018;320
LFRO;2019;211
LFRO;2020;265
LFRO;2021;290
LFRO;2022;266
LFRO;2023;19
LFRQ;2016;1275
LFRQ;2017;1232
LFRQ;2018;1292
LFRQ;2019;1206
LFRQ;2020;785
LFRQ;2021;970
LFRQ;2022;1009
LFRQ;2023;161
LFRS;2016;26595
LFRS;2017;28827
LFRS;2018;30489
LFRS;2019;32755
LFRS;2020;12490
LFRS;2021;15205
LFRS;2022;23285
LFRS;2023;2783
LFSB;2016;38694
LFSB;2017;39426
LFSB;2018;40940
LFSB;2019;42307
LFSB;2020;17593
LFSB;2021;22154
LFSB;2022;33230
LFSB;2023;4112
LFSL;2016;1635
LFSL;2017;1517
LFSL;2018;1512
LFSL;2019;1600
LFSL;2020;950
LFSL;2021;1364
LFSL;2022;1629
LFSL;2023;213
LFST;2016;10817
LFST;2017;11244
LFST;2018;11027
LFST;2019;10218
LFST;2020;4719
LFST;2021;5164
LFST;2022;6363
LFST;2023;852
LFTH;2016;5405
LFTH;2017;5583
LFTH;2018;6039
LFTH;2019;5977
LFTH;2020;3661
LFTH;2021;5136
LFTH;2022;5279
LFTH;2023;382
LFTW;2016;2192
LFTW;2017;2246
LFTW;2018;2279
LFTW;2019;2521
LFTW;2020;1977
LFTW;2021;2017
LFTW;2022;2396
LFTW;2023;373
LGAV;2016;91115
LGAV;2017;94898
LGAV;2018;105621
LGAV;2019;110242
LGAV;2020;54498
LGAV;2021;76474
LGAV;2022;103670
LGAV;2023;13031
LGIR;2016;25381
LGIR;2017;26936
LGIR;2018;29768
LGIR;2019;27610
LGIR;2020;11492
LGIR;2021;20961
LGIR;2022;28329
LGIR;2023;947
LGKF;2016;2649
LGKF;2017;2838
LGKF;2018;3533
LGKF;2019;3593
LGKF;2020;1519
LGKF;2021;2321
LGKF;2022;3885
LGKF;2023;95
LGKO;2016;7725
LGKO;2017;8743
LGKO;2018;10262
LGKO;2019;9984
LGKO;2020;4051
LGKO;2021;7108
LGKO;2022;10819
LGKO;2023;318
LGKR;2016;11074
LGKR;2017;11122
LGKR;2018;13068
LGKR;2019;12500
LGKR;2020;5371
LGKR;2021;10510
LGKR;2022;14691
LGKR;2023;187
LGMK;2016;6529
LGMK;2017;7044
LGMK;2018;8256
LGMK;2019;8960
LGMK;2020;3589
LGMK;2021;7977
LGMK;2022;9592
LGMK;2023;198
LGPZ;2016;2329
LGPZ;2017;2663
LGPZ;2018;2744
LGPZ;2019;2807
LGPZ;2020;1211
LGPZ;2021;2297
LGPZ;2022;3407
LGPZ;2023;54
LGRP;2016;18698
LGRP;2017;18811
LGRP;2018;19616
LGRP;2019;18881
LGRP;2020;7565
LGRP;2021;14484
LGRP;2022;21082
LGRP;2023;558
LGSA;2016;13214
LGSA;2017;12997
LGSA;2018;12627
LGSA;2019;12152
LGSA;2020;5550
LGSA;2021;10190
LGSA;2022;13572
LGSA;2023;829
LGSR;2016;7438
LGSR;2017;8410
LGSR;2018;10085
LGSR;2019;10571
LGSR;2020;3583
LGSR;2021;7917
LGSR;2022;12009
LGSR;2023;458
LGTS;2016;26667
LGTS;2017;27516
LGTS;2018;27909
LGTS;2019;28145
LGTS;2020;12886
LGTS;2021;18912
LGTS;2022;24687
LGTS;2023;2955
LGZA;2016;5480
LGZA;2017;6182
LGZA;2018;6572
LGZA;2019;6571
LGZA;2020;2394
LGZA;2021;4693
LGZA;2022;6679
LGZA;2023;105
LHBP;2016;47894
LHBP;2017;51130
LHBP;2018;57264
LHBP;2019;61080
LHBP;2020;23873
LHBP;2021;27276
LHBP;2022;49013
LHBP;2023;6884
LIBR;2016;8926
LIBR;2017;8722
LIBR;2018;9294
LIBR;2019;9976
LIBR;2020;4943
LIBR;2021;7803
LIBR;2022;12247
LIBR;2023;1268
LICC;2016;30803
LICC;2017;34370
LICC;2018;37020
LICC;2019;37689
LICC;2020;17321
LICC;2021;25488
LICC;2022;36568
LICC;2023;4352
LIMC;2016;83395
LIMC;2017;89421
LIMC;2018;97231
LIMC;2019;116984
LIMC;2020;46373
LIMC;2021;59190
LIMC;2022;93321
LIMC;2023;13487
LIME;2016;39800
LIME;2017;42907
LIME;2018;44691
LIME;2019;47579
LIME;2020;19285
LIME;2021;25872
LIME;2022;44393
LIME;2023;7232
LIMF;2016;21116
LIMF;2017;21939
LIMF;2018;21217
LIMF;2019;19636
LIMF;2020;8515
LIMF;2021;10847
LIMF;2022;18776
LIMF;2023;3064
LIML;2016;58538
LIML;2017;58040
LIML;2018;56894
LIML;2019;42219
LIML;2020;20247
LIML;2021;33126
LIML;2022;50303
LIML;2023;8003
LIPE;2016;34584
LIPE;2017;35661
LIPE;2018;35713
LIPE;2019;38559
LIPE;2020;14957
LIPE;2021;21104
LIPE;2022;35332
LIPE;2023;4708
LIPH;2016;8872
LIPH;2017;9850
LIPH;2018;10758
LIPH;2019;10854
LIPH;2020;1809
LIPH;2021;5203
LIPH;2022;9423
LIPH;2023;1476
LIPZ;2016;44982
LIPZ;2017;46076
LIPZ;2018;47618
LIPZ;2019;47644
LIPZ;2020;17190
LIPZ;2021;19584
LIPZ;2022;39551
LIPZ;2023;5006
LIRA;2016;25239
LIRA;2017;26360
LIRA;2018;25843
LIRA;2019;25585
LIRA;2020;13011
LIRA;2021;17667
LIRA;2022;20222
LIRA;2023;2930
LIRF;2016;156970
LIRF;2017;148712
LIRF;2018;153824
LIRF;2019;154907
LIRF;2020;51702
LIRF;2021;56988
LIRF;2022;106288
LIRF;2023;16386
LIRN;2016;31429
LIRN;2017;37053
LIRN;2018;39648
LIRN;2019;42184
LIRN;2020;15505
LIRN;2021;23137
LIRN;2022;42775
LIRN;2023;4662
LIRP;2016;21039
LIRP;2017;21587
LIRP;2018;22203
LIRP;2019;22176
LIRP;2020;9238
LIRP;2021;12702
LIRP;2022;19927
LIRP;2023;2175
LJLJ;2016;13620
LJLJ;2017;15111
LJLJ;2018;15808
LJLJ;2019;13972
LJLJ;2020;4994
LJLJ;2021;6486
LJLJ;2022;8778
LJLJ;2023;1231
LJMB;2016;772
LJMB;2017;1003
LJMB;2018;1102
LJMB;2019;1010
LJMB;2020;725
LJMB;2021;961
LJMB;2022;879
LJMB;2023;159
LJPZ;2016;720
LJPZ;2017;776
LJPZ;2018;795
LJPZ;2019;1044
LJPZ;2020;821
LJPZ;2021;1010
LJPZ;2022;1099
LJPZ;2023;86
LKMT;2016;3182
LKMT;2017;3321
LKMT;2018;3619
LKMT;2019;2850
LKMT;2020;2274
LKMT;2021;3304
LKMT;2022;3611
LKMT;2023;389
LKPR;2016;65974
LKPR;2017;71953
LKPR;2018;75489
LKPR;2019;75178
LKPR;2020;24974
LKPR;2021;28222
LKPR;2022;47991
LKPR;2023;6261
LKTB;2016;4593
LKTB;2017;5554
LKTB;2018;5063
LKTB;2019;4510
LKTB;2020;2545
LKTB;2021;3026
LKTB;2022;3740
LKTB;2023;393
LMML;2016;22210
LMML;2017;25410
LMML;2018;28420
LMML;2019;29286
LMML;2020;12217
LMML;2021;16274
LMML;2022;24216
LMML;2023;3273
LOWG;2016;9158
LOWG;2017;9504
LOWG;2018;9551
LOWG;2019;9639
LOWG;2020;4003
LOWG;2021;5230
LOWG;2022;6980
LOWG;2023;908
LOWI;2016;9417
LOWI;2017;9658
LOWI;2018;9648
LOWI;2019;9736
LOWI;2020;5220
LOWI;2021;3617
LOWI;2022;7752
LOWI;2023;2139
LOWK;2016;3387
LOWK;2017;3722
LOWK;2018;3561
LOWK;2019;3304
LOWK;2020;1674
LOWK;2021;1987
LOWK;2022;2384
LOWK;2023;328
LOWL;2016;6255
LOWL;2017;6015
LOWL;2018;6114
LOWL;2019;6065
LOWL;2020;3379
LOWL;2021;4241
LOWL;2022;4922
LOWL;2023;592
LOWS;2016;13856
LOWS;2017;14917
LOWS;2018;14532
LOWS;2019;13177
LOWS;2020;7313
LOWS;2021;7250
LOWS;2022;12372
LOWS;2023;2547
LOWW;2016;120888
LOWW;2017;120044
LOWW;2018;128210
LOWW;2019;140862
LOWW;2020;54069
LOWW;2021;63900
LOWW;2022;102163
LOWW;2023;14650
LPAZ;2016;1391
LPAZ;2017;1336
LPAZ;2018;1414
LPAZ;2019;1328
LPAZ;2020;1033
LPAZ;2021;1237
LPAZ;2022;1430
LPAZ;2023;169
LPCS;2016;2152
LPCS;2017;2314
LPCS;2018;2481
LPCS;2019;2840
LPCS;2020;2445
LPCS;2021;3189
LPCS;2022;3695
LPCS;2023;328
LPFL;2016;747
LPFL;2017;784
LPFL;2018;846
LPFL;2019;879
LPFL;2020;593
LPFL;2021;808
LPFL;2022;1012
LPFL;2023;98
LPFR;2016;26494
LPFR;2017;29597
LPFR;2018;29588
LPFR;2019;30338
LPFR;2020;12319
LPFR;2021;17636
LPFR;2022;29640
LPFR;2023;2447
LPHR;2016;2244
LPHR;2017;2288
LPHR;2018;2282
LPHR;2019;2342
LPHR;2020;1594
LPHR;2021;2199
LPHR;2022;2568
LPHR;2023;308
LPMA;2016;12209
LPMA;2017;12682
LPMA;2018;12179
LPMA;2019;11960
LPMA;2020;5597
LPMA;2021;8326
LPMA;2022;14185
LPMA;2023;2383
LPPD;2016;7969
LPPD;2017;9726
LPPD;2018;9937
LPPD;2019;10418
LPPD;2020;6136
LPPD;2021;8546
LPPD;2022;11555
LPPD;2023;1420
LPPR;2016;39350
LPPR;2017;43349
LPPR;2018;46844
LPPR;2019;49396
LPPR;2020;21729
LPPR;2021;26962
LPPR;2022;46176
LPPR;2023;6631
LPPS;2016;1672
LPPS;2017;1772
LPPS;2018;1475
LPPS;2019;1255
LPPS;2020;741
LPPS;2021;1135
LPPS;2022;1407
LPPS;2023;172
LPPT;2016;91206
LPPT;2017;101640
LPPT;2018;108756
LPPT;2019;110472
LPPT;2020;44653
LPPT;2021;57716
LPPT;2022;101344
LPPT;2023;16416
LQSA;2016;5305
LQSA;2017;5927
LQSA;2018;6149
LQSA;2019;6460
LQSA;2020;2694
LQSA;2021;5347
LQSA;2022;7389
LQSA;2023;726
LROP;2016;53877
LROP;2017;58160
LROP;2018;61330
LROP;2019;61385
LROP;2020;25869
LROP;2021;35854
LROP;2022;50855
LROP;2023;7777
LSGG;2016;91555
LSGG;2017;91811
LSGG;2018;90125
LSGG;2019;89570
LSGG;2020;39414
LSGG;2021;45783
LSGG;2022;77824
LSGG;2023;13297
LSGS;2016;2716
LSGS;2017;2979
LSGS;2018;3260
LSGS;2019;3158
LSGS;2020;2755
LSGS;2021;3217
LSGS;2022;4334
LSGS;2023;975
LSZH;2016;131345
LSZH;2017;131822
LSZH;2018;135809
LSZH;2019;134627
LSZH;2020;52694
LSZH;2021;62860
LSZH;2022;105555
LSZH;2023;16111
LTAC;2016;50169
LTAC;2017;56361
LTAC;2018;57194
LTAC;2019;46727
LTAC;2020;22747
LTAC;2021;30700
LTAC;2022;32820
LTAC;2023;6558
LTAI;2016;61584
LTAI;2017;76976
LTAI;2018;93058
LTAI;2019;101505
LTAI;2020;31893
LTAI;2021;66537
LTAI;2022;95389
LTAI;2023;6314
LTBA;2016;227479
LTBA;2017;225522
LTBA;2018;228087
LTBA;2019;66392
LTBA;2020;16753
LTBA;2021;17249
LTBA;2022;9460
LTBA;2023;1266
LTBJ;2016;39975
LTBJ;2017;41422
LTBJ;2018;42038
LTBJ;2019;38519
LTBJ;2020;20626
LTBJ;2021;26608
LTBJ;2022;31584
LTBJ;2023;4199
LTFJ;2016;112708
LTFJ;2017;107036
LTFJ;2018;112902
LTFJ;2019;114319
LTFJ;2020;62065
LTFJ;2021;88993
LTFJ;2022;97077
LTFJ;2023;16107
LUKK;2016;11128
LUKK;2017;13565
LUKK;2018;14005
LUKK;2019;13657
LUKK;2020;4911
LUKK;2021;8394
LUKK;2022;9827
LUKK;2023;1723
LWSK;2016;7609
LWSK;2017;8194
LWSK;2018;8929
LWSK;2019;9420
LWSK;2020;4122
LWSK;2021;6663
LWSK;2022;8487
LWSK;2023;1221
LYBE;2016;31715
LYBE;2017;32042
LYBE;2018;33219
LYBE;2019;35490
LYBE;2020;17056
LYBE;2021;24696
LYBE;2022;33073
LYBE;2023;5058
LYPG;2016;5708
LYPG;2017;6460
LYPG;2018;7061
LYPG;2019;7275
LYPG;2020;2908
LYPG;2021;4111
LYPG;2022;6087
LYPG;2023;802
LZIB;2016;10455
LZIB;2017;11084
LZIB;2018;11941
LZIB;2019;11272
LZIB;2020;4505
LZIB;2021;5484
LZIB;2022;8589
LZIB;2023;967
UDYZ;2016;9267
UDYZ;2017;10620
UDYZ;2018;11511
UDYZ;2019;12779
UDYZ;2020;4686
UDYZ;2021;9719
UDYZ;2022;17278
UDYZ;2023;3032
UGTB;2016;11943
UGTB;2017;16110
UGTB;2018;18959
UGTB;2019;18082
UGTB;2020;5447
UGTB;2021;10632
UGTB;2022;14436
UGTB;2023;2165
UKBB;2016;37169
UKBB;2017;43784
UKBB;2018;48626
UKBB;2019;55527
UKBB;2020;23495
UKBB;2021;37918
UKBB;2022;5010
EIWT;2016;510
EIWT;2017;576
EIWT;2018;580
EIWT;2019;515
EIWT;2020;87
EIWT;2021;190
EIWT;2022;358
EIWT;2023;32
LECU;2016;1023
LECU;2017;1319
LECU;2018;1157
LECU;2019;1485
LECU;2020;1314
LECU;2021;1636
LECU;2022;2090
LECU;2023;322
LELN;2016;518
LELN;2017;492
LELN;2018;583
LELN;2019;575
LELN;2020;299
LELN;2021;425
LELN;2022;548
LELN;2023;59
LEMO;2016;2868
LEMO;2017;2364
LEMO;2018;1984
LEMO;2019;2603
LEMO;2020;2505
LEMO;2021;2508
LEMO;2022;1794
LEMO;2023;263
LERS;2016;3457
LERS;2017;4022
LERS;2018;4161
LERS;2019;4074
LERS;2020;1323
LERS;2021;1850
LERS;2022;4013
LERS;2023;183
LEVT;2016;3209
LEVT;2017;3744
LEVT;2018;4333
LEVT;2019;4732
LEVT;2020;4367
LEVT;2021;5091
LEVT;2022;5446
LEVT;2023;849
LFAQ;2016;587
LFAQ;2017;460
LFAQ;2018;511
LFAQ;2019;637
LFAQ;2020;436
LFAQ;2021;488
LFAQ;2022;736
LFAQ;2023;131
LFJR;2016;1059
LFJR;2017;918
LFJR;2018;837
LFJR;2019;769
LFJR;2020;539
LFJR;2021;787
LFJR;2022;798
LFJR;2023;115
LFLI;2016;906
LFLI;2017;848
LFLI;2018;824
LFLI;2019;797
LFLI;2020;673
LFLI;2021;1167
LFLI;2022;1213
LFLI;2023;128
LFLX;2016;1164
LFLX;2017;1169
LFLX;2018;1325
LFLX;2019;1121
LFLX;2020;1131
LFLX;2021;1347
LFLX;2022;1185
LFLX;2023;170
LFMV;2016;2879
LFMV;2017;3171
LFMV;2018;3011
LFMV;2019;3062
LFMV;2020;2515
LFMV;2021;3584
LFMV;2022;3611
LFMV;2023;454
LFOT;2016;1659
LFOT;2017;1586
LFOT;2018;1498
LFOT;2019;1492
LFOT;2020;940
LFOT;2021;1673
LFOT;2022;1806
LFOT;2023;277
LFRM;2016;730
LFRM;2017;749
LFRM;2018;706
LFRM;2019;661
LFRM;2020;417
LFRM;2021;637
LFRM;2022;778
LFRM;2023;104
LKKV;2016;894
LKKV;2017;830
LKKV;2018;775
LKKV;2019;750
LKKV;2020;708
LKKV;2021;885
LKKV;2022;510
LKKV;2023;52
EPRA;2016;673
EPRA;2017;574
EPRA;2018;309
EPRA;2019;78
EPRA;2020;0
EPRA;2021;0
EPRA;2022;0
EPRA;2023;12
EPZG;2016;432
EPZG;2017;403
EPZG;2018;441
EPZG;2019;565
EPZG;2020;516
EPZG;2021;355
EPZG;2022;522
EPZG;2023;72
LEAB;2016;418
LEAB;2017;406
LEAB;2018;327
LEAB;2019;351
LEAB;2020;209
LEAB;2021;347
LEAB;2022;425
LEAB;2023;57
LEBZ;2016;643
LEBZ;2017;695
LEBZ;2018;800
LEBZ;2019;1144
LEBZ;2020;648
LEBZ;2021;710
LEBZ;2022;1043
LEBZ;2023;214
LETO;2016;885
LETO;2017;880
LETO;2018;897
LETO;2019;798
LETO;2020;504
LETO;2021;751
LETO;2022;909
LETO;2023;123
LGSK;2016;2004
LGSK;2017;2093
LGSK;2018;2068
LGSK;2019;2097
LGSK;2020;858
LGSK;2021;1485
LGSK;2022;2383
LGSK;2023;36
LEGT;2016;1197
LEGT;2017;736
LEGT;2018;756
LEGT;2019;790
LEGT;2020;470
LEGT;2021;501
LEGT;2022;539
LEGT;2023;98
LESJ;2016;149
LESJ;2017;149
LESJ;2018;172
LESJ;2019;144
LESJ;2020;75
LESJ;2021;62
LESJ;2022;40
LESJ;2023;5
LFMI;2016;1905
LFMI;2017;1298
LFMI;2018;1097
LFMI;2019;1195
LFMI;2020;1453
LFMI;2021;1540
LFMI;2022;1854
LFMI;2023;263
LFRZ;2016;1539
LFRZ;2017;1454
LFRZ;2018;1319
LFRZ;2019;1262
LFRZ;2020;866
LFRZ;2021;1217
LFRZ;2022;1332
LFRZ;2023;187
LRBS;2016;1690
LRBS;2017;1951
LRBS;2018;2418
LRBS;2019;3093
LRBS;2020;2442
LRBS;2021;2959
LRBS;2022;3095
LRBS;2023;405
LERJ;2016;338
LERJ;2017;356
LERJ;2018;348
LERJ;2019;338
LERJ;2020;118
LERJ;2021;157
LERJ;2022;295
LERJ;2023;32
LFOH;2016;474
LFOH;2017;462
LFOH;2018;401
LFOH;2019;409
LFOH;2020;292
LFOH;2021;420
LFOH;2022;486
LFOH;2023;70
LESA;2016;1367
LESA;2017;1712
LESA;2018;1672
LESA;2019;1803
LESA;2020;1304
LESA;2021;1510
LESA;2022;1345
LESA;2023;171
LEIZ;2016;128
LEIZ;2017;139
LEIZ;2018;147
LEIZ;2019;115
LEIZ;2020;51
LEIZ;2021;84
LEIZ;2022;102
LEIZ;2023;33
LEBA;2016;104
LEBA;2017;103
LEBA;2018;107
LEBA;2019;190
LEBA;2020;121
LEBA;2021;240
LEBA;2022;240
LEBA;2023;52
LEBG;2016;62
LEBG;2017;79
LEBG;2018;148
LEBG;2019;301
LEBG;2020;385
LEBG;2021;1028
LEBG;2022;529
LEBG;2023;72
LDZL;2016;268
LDZL;2017;339
LDZL;2018;206
LDZL;2019;475
LDZL;2020;521
LDZL;2021;408
LDZL;2022;148
EPSY;2016;643
EPSY;2017;647
EPSY;2018;725
EPSY;2019;840
EPSY;2020;513
EPSY;2021;465
EPSY;2022;705
EPSY;2023;97
LERE;2016;51
LERE;2017;12
LERE;2018;6
LERE;2019;20
LERE;2020;131
LERE;2021;133
LERE;2022;156
LERE;2023;32
EISG;2016;23
EISG;2017;15
EISG;2018;36
EISG;2019;16
EISG;2020;24
EISG;2021;39
EISG;2022;21
EISG;2023;9
EVVA;2016;6
EVVA;2017;6
EVVA;2018;8
EVVA;2019;8
EVVA;2020;1
EVVA;2021;12
EVVA;2022;6
EVLA;2016;3
EVLA;2017;115
EVLA;2018;181
EVLA;2019;432
EVLA;2020;305
EVLA;2021;359
EVLA;2022;553
EVLA;2023;4
EGNT;2018;22678
EGNT;2019;21722
EGNT;2020;7091
EGNT;2021;8119
EGNT;2022;17640
EGNT;2023;2131
EHLE;2018;1611
EHLE;2019;1493
EHLE;2020;1157
EHLE;2021;1035
EHLE;2022;1451
EHLE;2023;174
ENAL;2018;7270
ENAL;2019;7277
ENAL;2020;4733
ENAL;2021;5464
ENAL;2022;7526
ENAL;2023;1167
ENAN;2018;2176
ENAN;2019;1657
ENAN;2020;1543
ENAN;2021;1662
ENAN;2022;1675
ENAN;2023;244
ENAT;2018;4275
ENAT;2019;4142
ENAT;2020;3622
ENAT;2021;4175
ENAT;2022;4186
ENAT;2023;592
ENBL;2018;1994
ENBL;2019;1989
ENBL;2020;1213
ENBL;2021;1286
ENBL;2022;1418
ENBL;2023;249
ENBN;2018;3576
ENBN;2019;3534
ENBN;2020;3012
ENBN;2021;3142
ENBN;2022;3223
ENBN;2023;527
ENBO;2018;19675
ENBO;2019;19502
ENBO;2020;14897
ENBO;2021;16751
ENBO;2022;19048
ENBO;2023;2923
ENBS;2018;1122
ENBS;2019;1145
ENBS;2020;1080
ENBS;2021;1134
ENBS;2022;1010
ENBS;2023;165
ENBV;2018;806
ENBV;2019;836
ENBV;2020;623
ENBV;2021;811
ENBV;2022;793
ENBV;2023;115
ENCN;2018;7937
ENCN;2019;8171
ENCN;2020;4572
ENCN;2021;4297
ENCN;2022;5962
ENCN;2023;861
ENDU;2018;1835
ENDU;2019;1638
ENDU;2020;1273
ENDU;2021;1541
ENDU;2022;1301
ENDU;2023;195
ENEV;2018;5000
ENEV;2019;5090
ENEV;2020;3438
ENEV;2021;4401
ENEV;2022;5234
ENEV;2023;742
ENFL;2018;3966
ENFL;2019;4337
ENFL;2020;3428
ENFL;2021;3383
ENFL;2022;4129
ENFL;2023;613
ENHF;2018;5591
ENHF;2019;4877
ENHF;2020;4499
ENHF;2021;5233
ENHF;2022;4985
ENHF;2023;706
ENHV;2018;998
ENHV;2019;1047
ENHV;2020;918
ENHV;2021;996
ENHV;2022;971
ENHV;2023;129
ENKB;2018;4963
ENKB;2019;4835
ENKB;2020;4667
ENKB;2021;4044
ENKB;2022;4448
ENKB;2023;624
ENKR;2018;3775
ENKR;2019;3865
ENKR;2020;3245
ENKR;2021;3519
ENKR;2022;3437
ENKR;2023;510
ENLK;2018;3162
ENLK;2019;2853
ENLK;2020;2600
ENLK;2021;2172
ENLK;2022;2381
ENLK;2023;355
ENMH;2018;1213
ENMH;2019;1219
ENMH;2020;1120
ENMH;2021;1273
ENMH;2022;1323
ENMH;2023;194
ENML;2018;3201
ENML;2019;3095
ENML;2020;2036
ENML;2021;2045
ENML;2022;2660
ENML;2023;405
ENMS;2018;1915
ENMS;2019;1726
ENMS;2020;1372
ENMS;2021;1951
ENMS;2022;1783
ENMS;2023;303
ENNA;2018;1211
ENNA;2019;1118
ENNA;2020;1162
ENNA;2021;1204
ENNA;2022;998
ENNA;2023;165
ENNM;2018;1347
ENNM;2019;1296
ENNM;2020;998
ENNM;2021;1171
ENNM;2022;1091
ENNM;2023;178
ENOV;2018;2445
ENOV;2019;2323
ENOV;2020;1671
ENOV;2021;1840
ENOV;2022;2238
ENOV;2023;325
ENRA;2018;2740
ENRA;2019;2564
ENRA;2020;1976
ENRA;2021;2314
ENRA;2022;2503
ENRA;2023;357
ENRM;2018;1168
ENRM;2019;1113
ENRM;2020;962
ENRM;2021;1148
ENRM;2022;1254
ENRM;2023;205
ENRO;2018;612
ENRO;2019;692
ENRO;2020;984
ENRO;2021;670
ENRO;2022;602
ENRO;2023;105
ENRS;2018;620
ENRS;2019;630
ENRS;2020;575
ENRS;2021;635
ENRS;2022;603
ENRS;2023;105
ENSB;2018;1075
ENSB;2019;1002
ENSB;2020;668
ENSB;2021;699
ENSB;2022;1073
ENSB;2023;98
ENSD;2018;1138
ENSD;2019;1161
ENSD;2020;945
ENSD;2021;970
ENSD;2022;1094
ENSD;2023;188
ENSG;2018;2537
ENSG;2019;2501
ENSG;2020;2426
ENSG;2021;2345
ENSG;2022;2436
ENSG;2023;414
ENSH;2018;2412
ENSH;2019;1975
ENSH;2020;1377
ENSH;2021;1831
ENSH;2022;1960
ENSH;2023;311
ENSK;2018;3108
ENSK;2019;2630
ENSK;2020;1647
ENSK;2021;2222
ENSK;2022;2579
ENSK;2023;422
ENSR;2018;871
ENSR;2019;883
ENSR;2020;693
ENSR;2021;856
ENSR;2022;871
ENSR;2023;133
ENSS;2018;1110
ENSS;2019;1184
ENSS;2020;820
ENSS;2021;1091
ENSS;2022;1052
ENSS;2023;160
ENST;2018;1932
ENST;2019;1928
ENST;2020;1648
ENST;2021;1742
ENST;2022;1783
ENST;2023;271
ENTC;2018;21127
ENTC;2019;20430
ENTC;2020;16559
ENTC;2021;18474
ENTC;2022;19990
ENTC;2023;3001
ENVD;2018;3255
ENVD;2019;3286
ENVD;2020;2974
ENVD;2021;3161
ENVD;2022;3124
ENVD;2023;458
ENVR;2018;607
ENVR;2019;605
ENVR;2020;548
ENVR;2021;369
ENVR;2022;567
ENVR;2023;93
GMAD;2018;8310
GMAD;2019;8486
GMAD;2020;2977
GMAD;2021;3637
GMAD;2022;7637
GMAD;2023;1384
GMFF;2018;5361
GMFF;2019;6001
GMFF;2020;2093
GMFF;2021;4147
GMFF;2022;5556
GMFF;2023;886
GMME;2018;6142
GMME;2019;6710
GMME;2020;2791
GMME;2021;4469
GMME;2022;5187
GMME;2023;897
GMMN;2018;44432
GMMN;2019;46984
GMMN;2020;17195
GMMN;2021;23463
GMMN;2022;34618
GMMN;2023;6006
GMMX;2018;20573
GMMX;2019;24512
GMMX;2020;6911
GMMX;2021;8555
GMMX;2022;20042
GMMX;2023;4011
GMTT;2018;5816
GMTT;2019;6914
GMTT;2020;3194
GMTT;2021;5312
GMTT;2022;7698
GMTT;2023;1191
LLBG;2018;78146
LLBG;2019;83419
LLBG;2020;27059
LLBG;2021;37478
LLBG;2022;71928
LLBG;2023;11721
LPMT;2018;134
LPMT;2019;122
LPMT;2020;105
LPMT;2021;105
LPMT;2022;102
LPMT;2023;15
LTFM;2018;314
LTFM;2019;163002
LTFM;2020;92219
LTFM;2021;139058
LTFM;2022;211024
LTFM;2023;37062
LEMI;2019;3842
LEMI;2020;1326
LEMI;2021;1632
LEMI;2022;3287
LEMI;2023;201
EVJA;2019;7
EVJA;2020;5
EVJA;2021;2
LERL;2019;46
LERL;2020;130
LERL;2021;133
LERL;2022;117
LERL;2023;41
LICJ;2021;20492
LICJ;2022;27817
LICJ;2023;3108
LFOP;2021;1455
LFOP;2022;1674
LFOP;2023;238
