Timestamp,UTC,Callsign,Position,Altitude,Speed,Direction
1683257705,2023-05-05T03:35:05Z,NBT60Y,"40.650612,-73.783661",0,0,135
1683257786,2023-05-05T03:36:26Z,NBT60Y,"40.65073,-73.783913",0,2,137
1683257805,2023-05-05T03:36:45Z,NBT60Y,"40.650856,-73.784149",0,3,137
1683257828,2023-05-05T03:37:08Z,NBT60Y,"40.651039,-73.784363",0,2,87
1683257842,2023-05-05T03:37:22Z,NBT60Y,"40.651066,-73.784569",0,2,53
1683258107,2023-05-05T03:41:47Z,NBT60Y,"40.651287,-73.784569",0,5,33
1683258116,2023-05-05T03:41:56Z,NBT60Y,"40.651531,-73.784439",0,7,36
1683258127,2023-05-05T03:42:07Z,NBT60Y,"40.651859,-73.784241",0,8,36
1683258133,2023-05-05T03:42:13Z,NBT60Y,"40.652092,-73.784119",0,8,36
1683258140,2023-05-05T03:42:20Z,NBT60Y,"40.652298,-73.783981",0,7,39
1683258148,2023-05-05T03:42:28Z,NBT60Y,"40.652515,-73.783768",0,7,53
1683258155,2023-05-05T03:42:35Z,NBT60Y,"40.652538,-73.783478",0,7,90
1683258163,2023-05-05T03:42:43Z,NBT60Y,"40.652428,-73.78318",0,6,120
1683258169,2023-05-05T03:42:49Z,NBT60Y,"40.652325,-73.782959",0,7,132
1683258175,2023-05-05T03:42:55Z,NBT60Y,"40.652195,-73.78273",0,9,135
1683258180,2023-05-05T03:43:00Z,NBT60Y,"40.652081,-73.782494",0,10,135
1683258183,2023-05-05T03:43:03Z,NBT60Y,"40.651989,-73.782288",0,11,135
1683258187,2023-05-05T03:43:07Z,NBT60Y,"40.651886,-73.782074",0,12,135
1683258193,2023-05-05T03:43:13Z,NBT60Y,"40.651718,-73.7817",0,12,135
1683258201,2023-05-05T03:43:21Z,NBT60Y,"40.651485,-73.781197",0,12,135
1683258207,2023-05-05T03:43:27Z,NBT60Y,"40.651314,-73.780807",0,13,135
1683258213,2023-05-05T03:43:33Z,NBT60Y,"40.651131,-73.780411",0,13,132
1683258219,2023-05-05T03:43:39Z,NBT60Y,"40.65094,-73.779984",0,13,135
1683258226,2023-05-05T03:43:46Z,NBT60Y,"40.650719,-73.779495",0,13,135
1683258232,2023-05-05T03:43:52Z,NBT60Y,"40.650524,-73.779068",0,14,135
1683258238,2023-05-05T03:43:58Z,NBT60Y,"40.650322,-73.77861",0,14,135
1683258244,2023-05-05T03:44:04Z,NBT60Y,"40.650124,-73.778191",0,14,135
1683258250,2023-05-05T03:44:10Z,NBT60Y,"40.649906,-73.777695",0,15,135
1683258255,2023-05-05T03:44:15Z,NBT60Y,"40.649723,-73.777298",0,15,135
1683258262,2023-05-05T03:44:22Z,NBT60Y,"40.649494,-73.776779",0,15,135
1683258269,2023-05-05T03:44:29Z,NBT60Y,"40.649239,-73.776207",0,15,135
1683258275,2023-05-05T03:44:35Z,NBT60Y,"40.649036,-73.775757",0,15,135
1683258281,2023-05-05T03:44:41Z,NBT60Y,"40.648796,-73.775253",0,15,135
1683258287,2023-05-05T03:44:47Z,NBT60Y,"40.648575,-73.774757",0,15,135
1683258293,2023-05-05T03:44:53Z,NBT60Y,"40.648354,-73.774269",0,16,135
1683258299,2023-05-05T03:44:59Z,NBT60Y,"40.648109,-73.773743",0,16,135
1683258305,2023-05-05T03:45:05Z,NBT60Y,"40.647881,-73.773224",0,15,135
1683258311,2023-05-05T03:45:11Z,NBT60Y,"40.647644,-73.772713",0,16,135
1683258317,2023-05-05T03:45:17Z,NBT60Y,"40.647411,-73.772202",0,16,135
1683258323,2023-05-05T03:45:23Z,NBT60Y,"40.647156,-73.771652",0,16,135
1683258327,2023-05-05T03:45:27Z,NBT60Y,"40.647018,-73.771416",0,15,140
1683258331,2023-05-05T03:45:31Z,NBT60Y,"40.646786,-73.771164",0,13,151
1683258336,2023-05-05T03:45:36Z,NBT60Y,"40.646564,-73.771011",0,12,163
1683258340,2023-05-05T03:45:40Z,NBT60Y,"40.646336,-73.77092",0,13,174
1683258344,2023-05-05T03:45:44Z,NBT60Y,"40.646099,-73.770897",0,13,185
1683258347,2023-05-05T03:45:47Z,NBT60Y,"40.645889,-73.770897",0,13,191
1683258351,2023-05-05T03:45:51Z,NBT60Y,"40.645618,-73.770897",0,13,194
1683258355,2023-05-05T03:45:55Z,NBT60Y,"40.645386,-73.770897",0,13,194
1683258359,2023-05-05T03:45:59Z,NBT60Y,"40.64513,-73.770897",0,13,194
1683258363,2023-05-05T03:46:03Z,NBT60Y,"40.644909,-73.770912",0,13,194
1683258367,2023-05-05T03:46:07Z,NBT60Y,"40.644676,-73.770966",0,13,199
1683258371,2023-05-05T03:46:11Z,NBT60Y,"40.644436,-73.771042",0,13,205
1683258376,2023-05-05T03:46:16Z,NBT60Y,"40.64415,-73.77121",0,13,216
1683258380,2023-05-05T03:46:20Z,NBT60Y,"40.643932,-73.771362",0,14,222
1683258384,2023-05-05T03:46:24Z,NBT60Y,"40.643711,-73.771523",0,14,222
1683258388,2023-05-05T03:46:28Z,NBT60Y,"40.643497,-73.771698",0,14,225
1683258391,2023-05-05T03:46:31Z,NBT60Y,"40.64328,-73.771866",0,14,225
1683258398,2023-05-05T03:46:38Z,NBT60Y,"40.642921,-73.772163",0,15,225
1683258404,2023-05-05T03:46:44Z,NBT60Y,"40.642559,-73.772446",0,15,225
1683258410,2023-05-05T03:46:50Z,NBT60Y,"40.642197,-73.772728",0,15,225
1683258416,2023-05-05T03:46:56Z,NBT60Y,"40.641838,-73.773003",0,15,222
1683258422,2023-05-05T03:47:02Z,NBT60Y,"40.641476,-73.77327",0,13,222
1683258428,2023-05-05T03:47:08Z,NBT60Y,"40.641197,-73.773491",0,11,222
1683258434,2023-05-05T03:47:14Z,NBT60Y,"40.640934,-73.773697",0,10,225
1683258440,2023-05-05T03:47:20Z,NBT60Y,"40.640728,-73.773865",0,9,225
1683258446,2023-05-05T03:47:26Z,NBT60Y,"40.640522,-73.773941",0,7,210
1683258453,2023-05-05T03:47:33Z,NBT60Y,"40.640312,-73.773758",0,8,165
1683258458,2023-05-05T03:47:38Z,NBT60Y,"40.640224,-73.773544",0,8,143
1683258464,2023-05-05T03:47:44Z,NBT60Y,"40.640125,-73.773315",0,8,137
1683258468,2023-05-05T03:47:48Z,NBT60Y,"40.639996,-73.773102",0,10,137
1683258472,2023-05-05T03:47:52Z,NBT60Y,"40.639881,-73.772873",0,13,137
1683258478,2023-05-05T03:47:58Z,NBT60Y,"40.639637,-73.772446",0,15,140
1683258484,2023-05-05T03:48:04Z,NBT60Y,"40.639393,-73.772026",0,15,140
1683258491,2023-05-05T03:48:11Z,NBT60Y,"40.639114,-73.771561",0,15,140
1683258497,2023-05-05T03:48:17Z,NBT60Y,"40.638828,-73.771072",0,16,140
1683258502,2023-05-05T03:48:22Z,NBT60Y,"40.638557,-73.770615",0,17,140
1683258508,2023-05-05T03:48:28Z,NBT60Y,"40.63829,-73.770142",0,15,140
1683258515,2023-05-05T03:48:35Z,NBT60Y,"40.638054,-73.769745",0,10,140
1683258521,2023-05-05T03:48:41Z,NBT60Y,"40.637924,-73.769501",0,8,140
1683258528,2023-05-05T03:48:48Z,NBT60Y,"40.637741,-73.769264",0,9,146
1683258533,2023-05-05T03:48:53Z,NBT60Y,"40.63752,-73.76915",0,9,168
1683258539,2023-05-05T03:48:59Z,NBT60Y,"40.637272,-73.769135",0,10,188
1683258545,2023-05-05T03:49:05Z,NBT60Y,"40.636997,-73.76915",0,10,194
1683258550,2023-05-05T03:49:10Z,NBT60Y,"40.636757,-73.769165",0,10,194
1683258555,2023-05-05T03:49:15Z,NBT60Y,"40.63652,-73.76918",0,11,194
1683258560,2023-05-05T03:49:20Z,NBT60Y,"40.636242,-73.76918",0,11,194
1683258566,2023-05-05T03:49:26Z,NBT60Y,"40.635948,-73.769196",0,11,194
1683258573,2023-05-05T03:49:33Z,NBT60Y,"40.63559,-73.769196",0,11,194
1683258579,2023-05-05T03:49:39Z,NBT60Y,"40.635281,-73.769226",0,12,194
1683258585,2023-05-05T03:49:45Z,NBT60Y,"40.634949,-73.769241",0,12,196
1683258591,2023-05-05T03:49:51Z,NBT60Y,"40.634609,-73.769295",0,12,199
1683258596,2023-05-05T03:49:56Z,NBT60Y,"40.634331,-73.769341",0,12,199
1683258600,2023-05-05T03:50:00Z,NBT60Y,"40.634098,-73.769371",0,13,199
1683258606,2023-05-05T03:50:06Z,NBT60Y,"40.633736,-73.769424",0,13,199
1683258612,2023-05-05T03:50:12Z,NBT60Y,"40.633369,-73.769455",0,13,196
1683258616,2023-05-05T03:50:16Z,NBT60Y,"40.633118,-73.76947",0,13,194
1683258620,2023-05-05T03:50:20Z,NBT60Y,"40.632832,-73.769478",0,14,194
1683258624,2023-05-05T03:50:24Z,NBT60Y,"40.632584,-73.769493",0,14,194
1683258630,2023-05-05T03:50:30Z,NBT60Y,"40.632214,-73.769493",0,14,194
1683258636,2023-05-05T03:50:36Z,NBT60Y,"40.631824,-73.769516",0,14,194
1683258640,2023-05-05T03:50:40Z,NBT60Y,"40.631596,-73.769539",0,14,199
1683258643,2023-05-05T03:50:43Z,NBT60Y,"40.631367,-73.769592",0,14,202
1683258647,2023-05-05T03:50:47Z,NBT60Y,"40.631119,-73.769699",0,14,208
1683258651,2023-05-05T03:50:51Z,NBT60Y,"40.630886,-73.769821",0,13,213
1683258655,2023-05-05T03:50:55Z,NBT60Y,"40.630665,-73.769966",0,13,219
1683258660,2023-05-05T03:51:00Z,NBT60Y,"40.630421,-73.770149",0,12,222
1683258665,2023-05-05T03:51:05Z,NBT60Y,"40.630199,-73.770325",0,11,222
1683258670,2023-05-05T03:51:10Z,NBT60Y,"40.62999,-73.770477",0,10,225
1683258676,2023-05-05T03:51:16Z,NBT60Y,"40.629787,-73.770645",0,8,225
1683258686,2023-05-05T03:51:26Z,NBT60Y,"40.62957,-73.770813",0,5,225
1683258697,2023-05-05T03:51:37Z,NBT60Y,"40.629349,-73.770996",0,4,225
1683258838,2023-05-05T03:53:58Z,NBT60Y,"40.629128,-73.771164",0,6,225
1683258845,2023-05-05T03:54:05Z,NBT60Y,"40.628918,-73.771332",0,7,225
1683258852,2023-05-05T03:54:12Z,NBT60Y,"40.628685,-73.771507",0,9,225
1683258858,2023-05-05T03:54:18Z,NBT60Y,"40.628471,-73.771683",0,9,225
1683258867,2023-05-05T03:54:27Z,NBT60Y,"40.628197,-73.771957",0,7,236
1683258873,2023-05-05T03:54:33Z,NBT60Y,"40.628197,-73.772194",0,6,267
1683258881,2023-05-05T03:54:41Z,NBT60Y,"40.628288,-73.772461",0,6,298
1683258888,2023-05-05T03:54:48Z,NBT60Y,"40.628391,-73.772675",0,6,312
1683258895,2023-05-05T03:54:55Z,NBT60Y,"40.628502,-73.772911",0,7,312
1683258901,2023-05-05T03:55:01Z,NBT60Y,"40.628605,-73.773132",0,8,315
1683258905,2023-05-05T03:55:05Z,NBT60Y,"40.628712,-73.773361",0,12,315
1683258911,2023-05-05T03:55:11Z,NBT60Y,"40.629047,-73.774086",0,29,315
1683258917,2023-05-05T03:55:17Z,NBT60Y,"40.629696,-73.775528",0,54,312
1683258923,2023-05-05T03:55:23Z,NBT60Y,"40.630699,-73.777763",0,76,315
1683258926,2023-05-05T03:55:26Z,NBT60Y,"40.631241,-73.778931",0,88,300
1683258930,2023-05-05T03:55:30Z,NBT60Y,"40.631882,-73.780396",0,99,300
1683258933,2023-05-05T03:55:33Z,NBT60Y,"40.632702,-73.78212",0,109,300
1683258939,2023-05-05T03:55:39Z,NBT60Y,"40.634079,-73.785217",0,115,300
1683258947,2023-05-05T03:55:47Z,NBT60Y,"40.637405,-73.792542",0,154,300
1683258951,2023-05-05T03:55:51Z,NBT60Y,"40.638847,-73.795731",0,162,300
1683258954,2023-05-05T03:55:54Z,NBT60Y,"40.639637,-73.797539",0,172,301
1683258963,2023-05-05T03:56:03Z,NBT60Y,"40.643967,-73.806824",0,186,301
1683258969,2023-05-05T03:56:09Z,NBT60Y,"40.646713,-73.812828",100,188,301
1683258975,2023-05-05T03:56:15Z,NBT60Y,"40.64946,-73.818665",250,193,301
1683258982,2023-05-05T03:56:22Z,NBT60Y,"40.653168,-73.826599",500,195,301
1683258988,2023-05-05T03:56:28Z,NBT60Y,"40.655869,-73.83252",750,195,299
1683258991,2023-05-05T03:56:31Z,NBT60Y,"40.656631,-73.834557",850,195,293
1683258994,2023-05-05T03:56:34Z,NBT60Y,"40.657841,-73.838989",950,196,289
1683258997,2023-05-05T03:56:37Z,NBT60Y,"40.658306,-73.842049",1050,197,279
1683259001,2023-05-05T03:56:41Z,NBT60Y,"40.658539,-73.847099",1125,201,269
1683259005,2023-05-05T03:56:45Z,NBT60Y,"40.658478,-73.848999",1175,202,267
1683259009,2023-05-05T03:56:49Z,NBT60Y,"40.657104,-73.857178",1200,214,252
1683259013,2023-05-05T03:56:53Z,NBT60Y,"40.655838,-73.861206",1200,220,245
1683259016,2023-05-05T03:56:56Z,NBT60Y,"40.653946,-73.865601",1200,227,237
1683259019,2023-05-05T03:56:59Z,NBT60Y,"40.651836,-73.869324",1250,232,231
1683259022,2023-05-05T03:57:02Z,NBT60Y,"40.649738,-73.872322",1300,236,226
1683259025,2023-05-05T03:57:05Z,NBT60Y,"40.648109,-73.874252",1350,237,221
1683259028,2023-05-05T03:57:08Z,NBT60Y,"40.644608,-73.877686",1425,241,216
1683259031,2023-05-05T03:57:11Z,NBT60Y,"40.641594,-73.879997",1475,245,208
1683259034,2023-05-05T03:57:14Z,NBT60Y,"40.638565,-73.881836",1550,249,203
1683259037,2023-05-05T03:57:17Z,NBT60Y,"40.634892,-73.883492",1600,250,201
1683259039,2023-05-05T03:57:19Z,NBT60Y,"40.633308,-73.883995",1625,253,196
1683259043,2023-05-05T03:57:23Z,NBT60Y,"40.628494,-73.885071",1700,257,188
1683259046,2023-05-05T03:57:26Z,NBT60Y,"40.625019,-73.885239",1800,260,180
1683259049,2023-05-05T03:57:29Z,NBT60Y,"40.621719,-73.885132",1900,261,177
1683259052,2023-05-05T03:57:32Z,NBT60Y,"40.618607,-73.884705",2000,262,174
1683259055,2023-05-05T03:57:35Z,NBT60Y,"40.614407,-73.883804",2125,262,170
1683259057,2023-05-05T03:57:37Z,NBT60Y,"40.610821,-73.882866",2250,262,168
1683259061,2023-05-05T03:57:41Z,NBT60Y,"40.607849,-73.882019",2350,263,167
1683259064,2023-05-05T03:57:44Z,NBT60Y,"40.603699,-73.880745",2500,263,167
1683259067,2023-05-05T03:57:47Z,NBT60Y,"40.599834,-73.879562",2625,264,166
1683259070,2023-05-05T03:57:50Z,NBT60Y,"40.596634,-73.87854",2725,264,166
1683259073,2023-05-05T03:57:53Z,NBT60Y,"40.592712,-73.877251",2850,265,166
1683259076,2023-05-05T03:57:56Z,NBT60Y,"40.589493,-73.87616",2975,266,164
1683259077,2023-05-05T03:57:57Z,NBT60Y,"40.587032,-73.87513",3050,266,162
1683259081,2023-05-05T03:58:01Z,NBT60Y,"40.583172,-73.87307",3175,265,157
1683259083,2023-05-05T03:58:03Z,NBT60Y,"40.581299,-73.871765",3275,265,157
1683259087,2023-05-05T03:58:07Z,NBT60Y,"40.577072,-73.868202",3450,265,145
1683259091,2023-05-05T03:58:11Z,NBT60Y,"40.57386,-73.864639",3600,265,138
1683259094,2023-05-05T03:58:14Z,NBT60Y,"40.570507,-73.859962",3725,265,134
1683259097,2023-05-05T03:58:17Z,NBT60Y,"40.569904,-73.858963",3825,265,129
1683259100,2023-05-05T03:58:20Z,NBT60Y,"40.566284,-73.851807",3950,266,120
1683259103,2023-05-05T03:58:23Z,NBT60Y,"40.564728,-73.847717",4075,266,114
1683259106,2023-05-05T03:58:26Z,NBT60Y,"40.563446,-73.843201",4200,266,109
1683259109,2023-05-05T03:58:29Z,NBT60Y,"40.562454,-73.838676",4325,266,104
1683259112,2023-05-05T03:58:32Z,NBT60Y,"40.561752,-73.833801",4450,265,98
1683259115,2023-05-05T03:58:35Z,NBT60Y,"40.561523,-73.830933",4550,265,95
1683259118,2023-05-05T03:58:38Z,NBT60Y,"40.561432,-73.824463",4650,266,88
1683259121,2023-05-05T03:58:41Z,NBT60Y,"40.561848,-73.818825",4775,266,82
1683259124,2023-05-05T03:58:44Z,NBT60Y,"40.562363,-73.815331",4900,265,79
1683259127,2023-05-05T03:58:47Z,NBT60Y,"40.563583,-73.809937",4975,265,73
1683259130,2023-05-05T03:58:50Z,NBT60Y,"40.565201,-73.804718",5125,266,66
1683259133,2023-05-05T03:58:53Z,NBT60Y,"40.566925,-73.800407",5225,265,61
1683259136,2023-05-05T03:58:56Z,NBT60Y,"40.568756,-73.796814",5325,264,56
1683259139,2023-05-05T03:58:59Z,NBT60Y,"40.571091,-73.792664",5475,264,52
1683259142,2023-05-05T03:59:02Z,NBT60Y,"40.573299,-73.789047",5600,264,50
1683259146,2023-05-05T03:59:06Z,NBT60Y,"40.575722,-73.785431",5750,263,49
1683259149,2023-05-05T03:59:09Z,NBT60Y,"40.578369,-73.781433",5875,263,48
1683259151,2023-05-05T03:59:11Z,NBT60Y,"40.580376,-73.778435",6000,263,48
1683259154,2023-05-05T03:59:14Z,NBT60Y,"40.582947,-73.77478",6125,262,47
1683259158,2023-05-05T03:59:18Z,NBT60Y,"40.585777,-73.770638",6275,263,47
1683259161,2023-05-05T03:59:21Z,NBT60Y,"40.588348,-73.766968",6375,263,47
1683259164,2023-05-05T03:59:24Z,NBT60Y,"40.590637,-73.763611",6500,264,48
1683259178,2023-05-05T03:59:38Z,NBT60Y,"40.602257,-73.746162",7025,267,49
1683259190,2023-05-05T03:59:50Z,NBT60Y,"40.611893,-73.731308",7500,268,49
1683259202,2023-05-05T04:00:02Z,NBT60Y,"40.62204,-73.715698",7950,270,49
1683259213,2023-05-05T04:00:13Z,NBT60Y,"40.630692,-73.702393",8325,272,49
1683259226,2023-05-05T04:00:26Z,NBT60Y,"40.641541,-73.685669",8825,274,49
1683259238,2023-05-05T04:00:38Z,NBT60Y,"40.651657,-73.670105",9225,277,49
1683259251,2023-05-05T04:00:51Z,NBT60Y,"40.661892,-73.654655",9650,279,46
1683259261,2023-05-05T04:01:01Z,NBT60Y,"40.671387,-73.643433",9950,279,39
1683259264,2023-05-05T04:01:04Z,NBT60Y,"40.674412,-73.640419",10050,279,36
1683259267,2023-05-05T04:01:07Z,NBT60Y,"40.678116,-73.636963",10100,280,34
1683259270,2023-05-05T04:01:10Z,NBT60Y,"40.681301,-73.634239",10150,283,32
1683259274,2023-05-05T04:01:14Z,NBT60Y,"40.686218,-73.630493",10175,287,29
1683259277,2023-05-05T04:01:17Z,NBT60Y,"40.687309,-73.629745",10200,290,27
1683259280,2023-05-05T04:01:20Z,NBT60Y,"40.692947,-73.625977",10225,293,27
1683259283,2023-05-05T04:01:23Z,NBT60Y,"40.696945,-73.623253",10250,296,27
1683259286,2023-05-05T04:01:26Z,NBT60Y,"40.7005,-73.62085",10275,299,27
1683259288,2023-05-05T04:01:28Z,NBT60Y,"40.702854,-73.619194",10300,301,27
1683259301,2023-05-05T04:01:41Z,NBT60Y,"40.719177,-73.607849",10450,314,27
1683259314,2023-05-05T04:01:54Z,NBT60Y,"40.736801,-73.59552",10625,326,28
1683259326,2023-05-05T04:02:06Z,NBT60Y,"40.752945,-73.584366",10800,334,27
1683259338,2023-05-05T04:02:18Z,NBT60Y,"40.76989,-73.572571",11000,343,28
1683259350,2023-05-05T04:02:30Z,NBT60Y,"40.786514,-73.560852",11200,350,28
1683259362,2023-05-05T04:02:42Z,NBT60Y,"40.804619,-73.547974",11425,358,28
1683259374,2023-05-05T04:02:54Z,NBT60Y,"40.822174,-73.535461",11625,366,28
1683259386,2023-05-05T04:03:06Z,NBT60Y,"40.84037,-73.522568",11900,370,28
1683259398,2023-05-05T04:03:18Z,NBT60Y,"40.85862,-73.509521",12250,374,28
1683259432,2023-05-05T04:03:52Z,NBT60Y,"40.910385,-73.473145",13075,386,28
1683259462,2023-05-05T04:04:22Z,NBT60Y,"40.958569,-73.439484",13825,394,27
1683259493,2023-05-05T04:04:53Z,NBT60Y,"41.009495,-73.403214",14675,400,28
1683259524,2023-05-05T04:05:24Z,NBT60Y,"41.058979,-73.362892",15500,405,36
1683259534,2023-05-05T04:05:34Z,NBT60Y,"41.072479,-73.348999",15775,406,39
1683259565,2023-05-05T04:06:05Z,NBT60Y,"41.115692,-73.298035",16575,410,42
1683259598,2023-05-05T04:06:38Z,NBT60Y,"41.163483,-73.241394",17450,414,41
1683259628,2023-05-05T04:07:08Z,NBT60Y,"41.206459,-73.190109",18225,416,42
1683259691,2023-05-05T04:08:11Z,NBT60Y,"41.298119,-73.080246",19725,424,42
1683259752,2023-05-05T04:09:12Z,NBT60Y,"41.387268,-72.972977",21100,431,42
1683259815,2023-05-05T04:10:15Z,NBT60Y,"41.481903,-72.858772",22350,438,42
1683259879,2023-05-05T04:11:19Z,NBT60Y,"41.578083,-72.742073",23375,449,42
1683259939,2023-05-05T04:12:19Z,NBT60Y,"41.671375,-72.628441",24400,454,42
1683260003,2023-05-05T04:13:23Z,NBT60Y,"41.770615,-72.506584",25175,464,42
1683260063,2023-05-05T04:14:23Z,NBT60Y,"41.866791,-72.388664",26075,468,42
1683260124,2023-05-05T04:15:24Z,NBT60Y,"41.964386,-72.26844",27000,471,42
1683260187,2023-05-05T04:16:27Z,NBT60Y,"42.065533,-72.142937",27975,473,42
1683260251,2023-05-05T04:17:31Z,NBT60Y,"42.167995,-72.015251",28950,474,42
1683260313,2023-05-05T04:18:33Z,NBT60Y,"42.268478,-71.889664",29725,480,42
1683260374,2023-05-05T04:19:34Z,NBT60Y,"42.36795,-71.764565",30900,476,43
1683260437,2023-05-05T04:20:37Z,NBT60Y,"42.46788,-71.638474",31925,475,43
1683260500,2023-05-05T04:21:40Z,NBT60Y,"42.569553,-71.50956",32925,474,43
1683260561,2023-05-05T04:22:41Z,NBT60Y,"42.667099,-71.385162",33675,477,43
1683260624,2023-05-05T04:23:44Z,NBT60Y,"42.768703,-71.254959",34575,476,43
1683260687,2023-05-05T04:24:47Z,NBT60Y,"42.868511,-71.12693",35325,478,43
1683260749,2023-05-05T04:25:49Z,NBT60Y,"42.967808,-70.9981",35875,483,43
1683260810,2023-05-05T04:26:50Z,NBT60Y,"43.068363,-70.868294",36475,484,43
1683260872,2023-05-05T04:27:52Z,NBT60Y,"43.168636,-70.736977",36975,487,43
1683260934,2023-05-05T04:28:54Z,NBT60Y,"43.268864,-70.605797",37000,486,43
1683260996,2023-05-05T04:29:56Z,NBT60Y,"43.369785,-70.472786",37000,487,44
1683261058,2023-05-05T04:30:58Z,NBT60Y,"43.4702,-70.339897",37000,488,44
1683261119,2023-05-05T04:31:59Z,NBT60Y,"43.569626,-70.207809",37000,487,44
1683261181,2023-05-05T04:33:01Z,NBT60Y,"43.66951,-70.07431",36975,485,44
1683261242,2023-05-05T04:34:02Z,NBT60Y,"43.766876,-69.943436",37000,485,44
1683261305,2023-05-05T04:35:05Z,NBT60Y,"43.8685,-69.806343",37000,485,44
1683261366,2023-05-05T04:36:06Z,NBT60Y,"43.967514,-69.672096",37000,486,44
1683261428,2023-05-05T04:37:08Z,NBT60Y,"44.066673,-69.53698",37000,489,44
1683261490,2023-05-05T04:38:10Z,NBT60Y,"44.166016,-69.400833",36975,483,44
1683261553,2023-05-05T04:39:13Z,NBT60Y,"44.265472,-69.263893",36975,485,44
1683261616,2023-05-05T04:40:16Z,NBT60Y,"44.365864,-69.124969",37000,485,44
1683261677,2023-05-05T04:41:17Z,NBT60Y,"44.46246,-68.990524",37000,482,45
1683261741,2023-05-05T04:42:21Z,NBT60Y,"44.562378,-68.85112",37000,481,45
1683261802,2023-05-05T04:43:22Z,NBT60Y,"44.65741,-68.717522",36975,482,45
1683261863,2023-05-05T04:44:23Z,NBT60Y,"44.75346,-68.581955",37000,483,45
1683261924,2023-05-05T04:45:24Z,NBT60Y,"44.848518,-68.447037",37000,481,45
1683261986,2023-05-05T04:46:26Z,NBT60Y,"44.945023,-68.309441",37000,479,45
1683262048,2023-05-05T04:47:28Z,NBT60Y,"45.04184,-68.170753",37000,480,45
1683262111,2023-05-05T04:48:31Z,NBT60Y,"45.140213,-68.028976",37000,480,45
1683262173,2023-05-05T04:49:33Z,NBT60Y,"45.237579,-67.888054",37000,483,45
1683262236,2023-05-05T04:50:36Z,NBT60Y,"45.336201,-67.746994",37000,484,42
1683262299,2023-05-05T04:51:39Z,NBT60Y,"45.443924,-67.620712",36975,482,38
1683262361,2023-05-05T04:52:41Z,NBT60Y,"45.551651,-67.497116",36975,480,38
1683262424,2023-05-05T04:53:44Z,NBT60Y,"45.659592,-67.372986",37000,481,38
1683262485,2023-05-05T04:54:45Z,NBT60Y,"45.764713,-67.251091",37000,484,39
1683262546,2023-05-05T04:55:46Z,NBT60Y,"45.871124,-67.127739",36975,484,38
1683262608,2023-05-05T04:56:48Z,NBT60Y,"45.978699,-67.002129",37000,481,39
1683262671,2023-05-05T04:57:51Z,NBT60Y,"46.086807,-66.875084",37000,476,39
1683262732,2023-05-05T04:58:52Z,NBT60Y,"46.19006,-66.753136",36975,471,39
1683262793,2023-05-05T04:59:53Z,NBT60Y,"46.293083,-66.630981",37000,470,39
1683262854,2023-05-05T05:00:54Z,NBT60Y,"46.394714,-66.509689",37000,467,39
1683262917,2023-05-05T05:01:57Z,NBT60Y,"46.499912,-66.38372",37000,469,39
1683262980,2023-05-05T05:03:00Z,NBT60Y,"46.604965,-66.257072",37000,470,39
1683263042,2023-05-05T05:04:02Z,NBT60Y,"46.708607,-66.131653",37000,473,39
1683263103,2023-05-05T05:05:03Z,NBT60Y,"46.809952,-66.008408",37000,465,39
1683263166,2023-05-05T05:06:06Z,NBT60Y,"46.913361,-65.881851",37000,467,39
1683263227,2023-05-05T05:07:07Z,NBT60Y,"47.015339,-65.756485",37000,468,40
1683263289,2023-05-05T05:08:09Z,NBT60Y,"47.116592,-65.631409",37000,467,40
1683263351,2023-05-05T05:09:11Z,NBT60Y,"47.21854,-65.50457",36975,466,40
1683263412,2023-05-05T05:10:12Z,NBT60Y,"47.318954,-65.379356",37000,460,40
1683263474,2023-05-05T05:11:14Z,NBT60Y,"47.418503,-65.254326",36975,455,40
1683263536,2023-05-05T05:12:16Z,NBT60Y,"47.518848,-65.127586",36975,459,40
1683263598,2023-05-05T05:13:18Z,NBT60Y,"47.618565,-65.001175",36975,453,40
1683263660,2023-05-05T05:14:20Z,NBT60Y,"47.716835,-64.875961",37000,452,40
1683263722,2023-05-05T05:15:22Z,NBT60Y,"47.811722,-64.754242",37000,455,40
1683263784,2023-05-05T05:16:24Z,NBT60Y,"47.912109,-64.624741",37000,456,40
1683263844,2023-05-05T05:17:24Z,NBT60Y,"48.010113,-64.497849",36975,460,41
1683263908,2023-05-05T05:18:28Z,NBT60Y,"48.110001,-64.368141",36975,452,41
1683263968,2023-05-05T05:19:28Z,NBT60Y,"48.206703,-64.241325",36975,452,41
1683264030,2023-05-05T05:20:30Z,NBT60Y,"48.303116,-64.114334",37000,454,41
1683264092,2023-05-05T05:21:32Z,NBT60Y,"48.400589,-63.9855",37100,457,41
1683264154,2023-05-05T05:22:34Z,NBT60Y,"48.499054,-63.85458",37850,456,41
1683264216,2023-05-05T05:23:36Z,NBT60Y,"48.596878,-63.723873",38500,454,41
1683264278,2023-05-05T05:24:38Z,NBT60Y,"48.694107,-63.593094",39000,452,41
1683264341,2023-05-05T05:25:41Z,NBT60Y,"48.790878,-63.462456",38975,451,41
1683264404,2023-05-05T05:26:44Z,NBT60Y,"48.888885,-63.329067",38975,454,41
1683264466,2023-05-05T05:27:46Z,NBT60Y,"48.985657,-63.197021",38975,453,41
1683264528,2023-05-05T05:28:48Z,NBT60Y,"49.082474,-63.063919",38975,453,42
1683264590,2023-05-05T05:29:50Z,NBT60Y,"49.179134,-62.930408",39000,463,42
1683264651,2023-05-05T05:30:51Z,NBT60Y,"49.277313,-62.794239",39000,466,42
1683264713,2023-05-05T05:31:53Z,NBT60Y,"49.375671,-62.656719",38975,465,42
1683264776,2023-05-05T05:32:56Z,NBT60Y,"49.472507,-62.520744",38975,455,42
1683264839,2023-05-05T05:33:59Z,NBT60Y,"49.569614,-62.383415",39000,446,42
1683264901,2023-05-05T05:35:01Z,NBT60Y,"49.664658,-62.248535",39000,450,42
1683264965,2023-05-05T05:36:05Z,NBT60Y,"49.761318,-62.110462",38975,448,42
1683265027,2023-05-05T05:37:07Z,NBT60Y,"49.85619,-61.973949",38975,449,43
1683265089,2023-05-05T05:38:09Z,NBT60Y,"49.950459,-61.837734",39000,452,43
1683265151,2023-05-05T05:39:11Z,NBT60Y,"50.04538,-61.699886",39000,447,43
1683265214,2023-05-05T05:40:14Z,NBT60Y,"50.139267,-61.562683",38975,447,43
1683265277,2023-05-05T05:41:17Z,NBT60Y,"50.234844,-61.422184",38975,449,43
1683265339,2023-05-05T05:42:19Z,NBT60Y,"50.327484,-61.285152",38975,444,43
1683265400,2023-05-05T05:43:20Z,NBT60Y,"50.417313,-61.151928",38975,436,43
1683265463,2023-05-05T05:44:23Z,NBT60Y,"50.509502,-61.014133",39000,440,43
1683265525,2023-05-05T05:45:25Z,NBT60Y,"50.599907,-60.878063",39000,442,43
1683265588,2023-05-05T05:46:28Z,NBT60Y,"50.693012,-60.737305",39000,445,43
1683265649,2023-05-05T05:47:29Z,NBT60Y,"50.783047,-60.600357",39000,443,44
1683265711,2023-05-05T05:48:31Z,NBT60Y,"50.874054,-60.461349",39000,438,44
1683265772,2023-05-05T05:49:32Z,NBT60Y,"50.963669,-60.323639",38975,441,44
1683265833,2023-05-05T05:50:33Z,NBT60Y,"51.051884,-60.186996",39000,439,44
1683265896,2023-05-05T05:51:36Z,NBT60Y,"51.143219,-60.045013",39000,437,44
1683265959,2023-05-05T05:52:39Z,NBT60Y,"51.233952,-59.903107",39000,439,44
1683266022,2023-05-05T05:53:42Z,NBT60Y,"51.324493,-59.760742",39000,439,44
1683266085,2023-05-05T05:54:45Z,NBT60Y,"51.415085,-59.617081",39000,443,45
1683266148,2023-05-05T05:55:48Z,NBT60Y,"51.507431,-59.470032",39000,442,44
1683266211,2023-05-05T05:56:51Z,NBT60Y,"51.597336,-59.326324",39000,442,45
1683266273,2023-05-05T05:57:53Z,NBT60Y,"51.688293,-59.17971",38975,449,45
1683266336,2023-05-05T05:58:56Z,NBT60Y,"51.78038,-59.030151",38975,447,45
1683266397,2023-05-05T05:59:57Z,NBT60Y,"51.870026,-58.884045",38975,451,45
1683266458,2023-05-05T06:00:58Z,NBT60Y,"51.959328,-58.737461",38975,450,45
1683266520,2023-05-05T06:02:00Z,NBT60Y,"52.049103,-58.589249",39000,453,45
1683266581,2023-05-05T06:03:01Z,NBT60Y,"52.138088,-58.441303",38975,451,45
1683266644,2023-05-05T06:04:04Z,NBT60Y,"52.229469,-58.288593",39000,451,45
1683266707,2023-05-05T06:05:07Z,NBT60Y,"52.32074,-58.135147",39000,451,45
1683266770,2023-05-05T06:06:10Z,NBT60Y,"52.41172,-57.981133",39000,452,46
1683266832,2023-05-05T06:07:12Z,NBT60Y,"52.502544,-57.826382",39000,454,46
1683266894,2023-05-05T06:08:14Z,NBT60Y,"52.592438,-57.6721",39000,455,46
1683266954,2023-05-05T06:09:14Z,NBT60Y,"52.68005,-57.521118",39000,456,46
1683267015,2023-05-05T06:10:15Z,NBT60Y,"52.768204,-57.368088",38975,457,46
1683267077,2023-05-05T06:11:17Z,NBT60Y,"52.858204,-57.210835",38975,457,46
1683267140,2023-05-05T06:12:20Z,NBT60Y,"52.94833,-57.052395",39000,457,46
1683267202,2023-05-05T06:13:22Z,NBT60Y,"53.038834,-56.892242",39000,458,46
1683267265,2023-05-05T06:14:25Z,NBT60Y,"53.125042,-56.724998",39000,462,52
1683267328,2023-05-05T06:15:28Z,NBT60Y,"53.206413,-56.54776",39000,463,52
1683267391,2023-05-05T06:16:31Z,NBT60Y,"53.289917,-56.368496",39000,463,51
1683267452,2023-05-05T06:17:32Z,NBT60Y,"53.371025,-56.199833",39000,464,51
1683267515,2023-05-05T06:18:35Z,NBT60Y,"53.455235,-56.023083",38975,463,51
1683267579,2023-05-05T06:19:39Z,NBT60Y,"53.540054,-55.843426",39000,464,51
1683267642,2023-05-05T06:20:42Z,NBT60Y,"53.623947,-55.664272",38975,465,51
1683267705,2023-05-05T06:21:45Z,NBT60Y,"53.707874,-55.484188",38975,465,51
1683267768,2023-05-05T06:22:48Z,NBT60Y,"53.791443,-55.303371",39000,465,52
1683267832,2023-05-05T06:23:52Z,NBT60Y,"53.875122,-55.120918",39000,464,52
1683267895,2023-05-05T06:24:55Z,NBT60Y,"53.957954,-54.938992",38975,467,52
1683267910,2023-05-05T06:25:10Z,NBT60Y,"53.977135,-54.89658",39000,467,52
1683267978,2023-05-05T06:26:18Z,NBT60Y,"54.067291,-54.696926",39000,470,52
1683268029,2023-05-05T06:27:09Z,NBT60Y,"54.133484,-54.549236",38975,472,52
1683268134,2023-05-05T06:28:54Z,NBT60Y,"54.271454,-54.23864",39000,473,52
1683270069,2023-05-05T07:01:09Z,NBT60Y,"56.675812,-48.060844",39000,482,58
1683270159,2023-05-05T07:02:39Z,NBT60Y,"56.804169,-47.679806",39000,483,58
1683270189,2023-05-05T07:03:09Z,NBT60Y,"56.83992,-47.572601",39000,484,58
1683270388,2023-05-05T07:06:28Z,NBT60Y,"57.069366,-46.873081",39000,486,59
1683270452,2023-05-05T07:07:32Z,NBT60Y,"57.141907,-46.647434",38975,484,59
1683270512,2023-05-05T07:08:32Z,NBT60Y,"57.208969,-46.436806",39000,484,59
1683270576,2023-05-05T07:09:36Z,NBT60Y,"57.281738,-46.20628",39000,485,59
1683270640,2023-05-05T07:10:40Z,NBT60Y,"57.353848,-45.975922",38975,487,60
1683270701,2023-05-05T07:11:41Z,NBT60Y,"57.422001,-45.755665",39000,488,60
1683270762,2023-05-05T07:12:42Z,NBT60Y,"57.490524,-45.53204",38975,488,60
1683270824,2023-05-05T07:13:44Z,NBT60Y,"57.558426,-45.308731",39000,488,60
1683270887,2023-05-05T07:14:47Z,NBT60Y,"57.628189,-45.076645",39000,489,60
1683270949,2023-05-05T07:15:49Z,NBT60Y,"57.695984,-44.849281",39000,489,61
1683271010,2023-05-05T07:16:50Z,NBT60Y,"57.761971,-44.625641",38975,487,61
1683271073,2023-05-05T07:17:53Z,NBT60Y,"57.829842,-44.39328",39000,486,61
1683271134,2023-05-05T07:18:54Z,NBT60Y,"57.895294,-44.16687",39000,490,61
1683271195,2023-05-05T07:19:55Z,NBT60Y,"57.96154,-43.935883",38975,492,61
1683271257,2023-05-05T07:20:57Z,NBT60Y,"58.028202,-43.700684",38975,493,61
1683271319,2023-05-05T07:21:59Z,NBT60Y,"58.093689,-43.46714",39000,493,62
1683271383,2023-05-05T07:23:03Z,NBT60Y,"58.161072,-43.224735",38975,494,62
1683271445,2023-05-05T07:24:05Z,NBT60Y,"58.226234,-42.987488",39000,492,62
1683271507,2023-05-05T07:25:07Z,NBT60Y,"58.291084,-42.749084",39000,492,62
1683271569,2023-05-05T07:26:09Z,NBT60Y,"58.355698,-42.508942",39000,493,63
1683271632,2023-05-05T07:27:12Z,NBT60Y,"58.420258,-42.266354",38975,495,63
1683271660,2023-05-05T07:27:40Z,NBT60Y,"58.449173,-42.157013",39000,495,63
1683274035,2023-05-05T08:07:15Z,NBT60Y,"60.611744,-32.333622",39000,495,67
1683274903,2023-05-05T08:21:43Z,NBT60Y,"61.199844,-28.44743",39000,492,75
1683274965,2023-05-05T08:22:45Z,NBT60Y,"61.235321,-28.167866",38975,493,75
1683275026,2023-05-05T08:23:46Z,NBT60Y,"61.270248,-27.886047",39000,494,75
1683275087,2023-05-05T08:24:47Z,NBT60Y,"61.304409,-27.605591",38975,493,75
1683275103,2023-05-05T08:25:03Z,NBT60Y,"61.31316,-27.53306",38975,493,75
1683275189,2023-05-05T08:26:29Z,NBT60Y,"61.360107,-27.137114",39000,493,76
1683275251,2023-05-05T08:27:31Z,NBT60Y,"61.392883,-26.853136",38975,493,76
1683275314,2023-05-05T08:28:34Z,NBT60Y,"61.426003,-26.561178",39000,495,76
1683275377,2023-05-05T08:29:37Z,NBT60Y,"61.458263,-26.269938",39000,494,77
1683275439,2023-05-05T08:30:39Z,NBT60Y,"61.489517,-25.982666",38975,496,77
1683275500,2023-05-05T08:31:40Z,NBT60Y,"61.520084,-25.694275",38975,493,77
1683275547,2023-05-05T08:32:27Z,NBT60Y,"61.542847,-25.476019",38975,493,77
1683275633,2023-05-05T08:33:53Z,NBT60Y,"61.583817,-25.073751",38975,497,78
1683275695,2023-05-05T08:34:55Z,NBT60Y,"61.612473,-24.784176",38975,499,78
1683275756,2023-05-05T08:35:56Z,NBT60Y,"61.640625,-24.492056",39000,497,78
1683275822,2023-05-05T08:37:02Z,NBT60Y,"61.669796,-24.183146",39000,498,78
1683275885,2023-05-05T08:38:05Z,NBT60Y,"61.697357,-23.883871",39000,499,79
1683275946,2023-05-05T08:39:06Z,NBT60Y,"61.723194,-23.595377",39000,498,79
1683276008,2023-05-05T08:40:08Z,NBT60Y,"61.749031,-23.299051",39000,498,79
1683276070,2023-05-05T08:41:10Z,NBT60Y,"61.774632,-22.998657",39000,498,79
1683276132,2023-05-05T08:42:12Z,NBT60Y,"61.798874,-22.70462",39000,498,80
1683276193,2023-05-05T08:43:13Z,NBT60Y,"61.822357,-22.412699",38975,498,80
1683276256,2023-05-05T08:44:16Z,NBT60Y,"61.845764,-22.113546",38975,496,80
1683276318,2023-05-05T08:45:18Z,NBT60Y,"61.868298,-21.816916",39000,494,80
1683276379,2023-05-05T08:46:19Z,NBT60Y,"61.889755,-21.52537",38975,494,81
1683276440,2023-05-05T08:47:20Z,NBT60Y,"61.910751,-21.231472",39000,495,81
1683276501,2023-05-05T08:48:21Z,NBT60Y,"61.931076,-20.938471",39000,497,81
1683276562,2023-05-05T08:49:22Z,NBT60Y,"61.950714,-20.644291",38975,498,82
1683276624,2023-05-05T08:50:24Z,NBT60Y,"61.969826,-20.349121",39000,501,82
1683276685,2023-05-05T08:51:25Z,NBT60Y,"61.988251,-20.051029",39000,500,83
1683276746,2023-05-05T08:52:26Z,NBT60Y,"62.000969,-19.751791",39000,500,86
1683276807,2023-05-05T08:53:27Z,NBT60Y,"62.010361,-19.452078",38975,500,86
1683276868,2023-05-05T08:54:28Z,NBT60Y,"62.019547,-19.153137",39000,500,86
1683276930,2023-05-05T08:55:30Z,NBT60Y,"62.028389,-18.851522",39000,498,86
1683276991,2023-05-05T08:56:31Z,NBT60Y,"62.036545,-18.551395",39000,499,86
1683277053,2023-05-05T08:57:33Z,NBT60Y,"62.044079,-18.247885",38975,500,87
1683277114,2023-05-05T08:58:34Z,NBT60Y,"62.050781,-17.950134",39000,501,87
1683277176,2023-05-05T08:59:36Z,NBT60Y,"62.056961,-17.644533",38975,502,87
1683277237,2023-05-05T09:00:37Z,NBT60Y,"62.06242,-17.342123",39000,503,87
1683277586,2023-05-05T09:06:26Z,NBT60Y,"62.080902,-15.613811",39000,507,89
1683278548,2023-05-05T09:22:28Z,NBT60Y,"62.018429,-10.799561",39000,512,93
1683278611,2023-05-05T09:23:31Z,NBT60Y,"62.008373,-10.483398",39000,513,94
1683278674,2023-05-05T09:24:34Z,NBT60Y,"61.99762,-10.166118",39000,513,94
1683278734,2023-05-05T09:25:34Z,NBT60Y,"61.986073,-9.8644",38975,512,95
1683278799,2023-05-05T09:26:39Z,NBT60Y,"61.972572,-9.546",39000,513,95
1683278859,2023-05-05T09:27:39Z,NBT60Y,"61.958679,-9.243327",38975,513,95
1683278922,2023-05-05T09:28:42Z,NBT60Y,"61.943619,-8.925018",38975,513,95
1683278983,2023-05-05T09:29:43Z,NBT60Y,"61.928955,-8.628032",39000,512,96
1683279045,2023-05-05T09:30:45Z,NBT60Y,"61.912476,-8.310649",39000,511,96
1683279109,2023-05-05T09:31:49Z,NBT60Y,"61.895279,-7.995496",39000,512,96
1683279170,2023-05-05T09:32:50Z,NBT60Y,"61.878342,-7.696119",39000,511,96
1683279233,2023-05-05T09:33:53Z,NBT60Y,"61.859756,-7.380949",38975,512,97
1683279297,2023-05-05T09:34:57Z,NBT60Y,"61.840576,-7.06774",38975,512,97
1683279357,2023-05-05T09:35:57Z,NBT60Y,"61.82151,-6.768595",38975,514,97
1683279420,2023-05-05T09:37:00Z,NBT60Y,"61.800655,-6.451721",38975,515,98
1683279483,2023-05-05T09:38:03Z,NBT60Y,"61.779243,-6.138916",39000,516,98
1683279544,2023-05-05T09:39:04Z,NBT60Y,"61.758087,-5.839626",39000,515,98
1683279606,2023-05-05T09:40:06Z,NBT60Y,"61.735668,-5.532023",38975,515,98
1683279666,2023-05-05T09:41:06Z,NBT60Y,"61.713364,-5.235084",39000,514,99
1683279729,2023-05-05T09:42:09Z,NBT60Y,"61.689209,-4.924215",38975,514,99
1683279790,2023-05-05T09:43:10Z,NBT60Y,"61.665329,-4.625346",39000,514,99
1683279853,2023-05-05T09:44:13Z,NBT60Y,"61.639912,-4.316406",39000,513,99
1683279912,2023-05-05T09:45:12Z,NBT60Y,"61.615612,-4.029337",38975,514,100
1683279976,2023-05-05T09:46:16Z,NBT60Y,"61.587936,-3.711025",39000,513,100
1683280037,2023-05-05T09:47:17Z,NBT60Y,"61.561752,-3.417827",39000,512,100
1683280098,2023-05-05T09:48:18Z,NBT60Y,"61.53447,-3.120524",39000,511,100
1683280162,2023-05-05T09:49:22Z,NBT60Y,"61.505493,-2.812108",39000,511,101
1683280223,2023-05-05T09:50:23Z,NBT60Y,"61.477386,-2.521068",38975,511,101
1683280284,2023-05-05T09:51:24Z,NBT60Y,"61.448273,-2.226007",39000,510,101
1683280347,2023-05-05T09:52:27Z,NBT60Y,"61.417671,-1.923421",38975,511,102
1683280408,2023-05-05T09:53:28Z,NBT60Y,"61.387436,-1.631175",39000,512,102
1683280468,2023-05-05T09:54:28Z,NBT60Y,"61.355988,-1.334534",38975,512,102
1683280532,2023-05-05T09:55:32Z,NBT60Y,"61.323257,-1.032126",38975,512,102
1683280593,2023-05-05T09:56:33Z,NBT60Y,"61.291489,-0.74501",39000,510,103
1683280654,2023-05-05T09:57:34Z,NBT60Y,"61.258118,-0.449753",39000,509,103
1683280718,2023-05-05T09:58:38Z,NBT60Y,"61.223316,-0.148417",39000,510,103
1683280757,2023-05-05T09:59:17Z,NBT60Y,"61.196228,0.034627",39000,512,113
1683280760,2023-05-05T09:59:20Z,NBT60Y,"61.193382,0.047506",39000,512,114
1683280763,2023-05-05T09:59:23Z,NBT60Y,"61.190495,0.059814",39000,511,115
1683280766,2023-05-05T09:59:26Z,NBT60Y,"61.187099,0.073751",39000,512,117
1683280769,2023-05-05T09:59:29Z,NBT60Y,"61.183365,0.087989",39000,512,118
1683280772,2023-05-05T09:59:32Z,NBT60Y,"61.180489,0.098674",39000,512,119
1683280775,2023-05-05T09:59:35Z,NBT60Y,"61.17627,0.113395",39000,512,121
1683280778,2023-05-05T09:59:38Z,NBT60Y,"61.172562,0.125852",39000,512,121
1683280781,2023-05-05T09:59:41Z,NBT60Y,"61.168671,0.138114",39000,513,123
1683280784,2023-05-05T09:59:44Z,NBT60Y,"61.164566,0.150655",39000,512,124
1683280787,2023-05-05T09:59:47Z,NBT60Y,"61.16066,0.162343",38975,512,124
1683280851,2023-05-05T10:00:51Z,NBT60Y,"61.074921,0.417971",39000,511,124
1683280911,2023-05-05T10:01:51Z,NBT60Y,"60.993069,0.659572",39000,511,124
1683280973,2023-05-05T10:02:53Z,NBT60Y,"60.911407,0.898322",38975,510,125
1683281033,2023-05-05T10:03:53Z,NBT60Y,"60.827713,1.140518",38975,510,125
1683281095,2023-05-05T10:04:55Z,NBT60Y,"60.7435,1.381531",39000,509,125
1683281156,2023-05-05T10:05:56Z,NBT60Y,"60.659958,1.618495",38975,510,125
1683281217,2023-05-05T10:06:57Z,NBT60Y,"60.57568,1.854924",39000,509,125
1683281278,2023-05-05T10:07:58Z,NBT60Y,"60.490723,2.090812",38975,509,126
1683281339,2023-05-05T10:08:59Z,NBT60Y,"60.406044,2.323608",39000,508,126
1683281400,2023-05-05T10:10:00Z,NBT60Y,"60.320801,2.555552",39000,508,126
1683281461,2023-05-05T10:11:01Z,NBT60Y,"60.235664,2.784838",39000,506,126
1683281522,2023-05-05T10:12:02Z,NBT60Y,"60.150192,3.012902",39000,506,127
1683281583,2023-05-05T10:13:03Z,NBT60Y,"60.063793,3.241359",39000,506,127
1683281645,2023-05-05T10:14:05Z,NBT60Y,"59.977158,3.467952",38975,506,127
1683281706,2023-05-05T10:15:06Z,NBT60Y,"59.889999,3.693787",39000,506,127
1683281767,2023-05-05T10:16:07Z,NBT60Y,"59.803379,3.916058",39000,505,127
1683281831,2023-05-05T10:17:11Z,NBT60Y,"59.712799,4.146332",39000,505,127
1683281892,2023-05-05T10:18:12Z,NBT60Y,"59.624432,4.368865",39000,505,128
1683281954,2023-05-05T10:19:14Z,NBT60Y,"59.534042,4.594208",39000,506,128
1683282015,2023-05-05T10:20:15Z,NBT60Y,"59.444412,4.815491",39000,506,128
1683282076,2023-05-05T10:21:16Z,NBT60Y,"59.355881,5.031921",39000,506,128
1683282138,2023-05-05T10:22:18Z,NBT60Y,"59.266632,5.248055",39000,506,128
1683282199,2023-05-05T10:23:19Z,NBT60Y,"59.175575,5.466835",39000,508,129
1683282262,2023-05-05T10:24:22Z,NBT60Y,"59.081585,5.69035",38975,508,129
1683282326,2023-05-05T10:25:26Z,NBT60Y,"58.987179,5.912728",39000,507,129
1683282386,2023-05-05T10:26:26Z,NBT60Y,"58.897099,6.123078",39000,510,129
1683282449,2023-05-05T10:27:29Z,NBT60Y,"58.80283,6.341034",38975,510,129
1683282510,2023-05-05T10:28:30Z,NBT60Y,"58.710285,6.553162",38975,511,130
1683282570,2023-05-05T10:29:30Z,NBT60Y,"58.618717,6.760986",38975,510,130
1683282634,2023-05-05T10:30:34Z,NBT60Y,"58.522659,6.977204",39000,511,130
1683282697,2023-05-05T10:31:37Z,NBT60Y,"58.425293,7.194305",39000,511,130
1683282760,2023-05-05T10:32:40Z,NBT60Y,"58.327881,7.409658",39000,511,130
1683282823,2023-05-05T10:33:43Z,NBT60Y,"58.230194,7.623413",38975,513,130
1683282885,2023-05-05T10:34:45Z,NBT60Y,"58.134666,7.830505",39000,513,131
1683282948,2023-05-05T10:35:48Z,NBT60Y,"58.035278,8.044098",39000,512,131
1683283011,2023-05-05T10:36:51Z,NBT60Y,"57.935349,8.256934",39000,513,131
1683283074,2023-05-05T10:37:54Z,NBT60Y,"57.837708,8.463017",39000,514,131
1683283136,2023-05-05T10:38:56Z,NBT60Y,"57.734161,8.657846",39000,514,138
1683283199,2023-05-05T10:39:59Z,NBT60Y,"57.620033,8.83921",39000,512,139
1683283262,2023-05-05T10:41:02Z,NBT60Y,"57.506973,9.017458",39000,512,139
1683283322,2023-05-05T10:42:02Z,NBT60Y,"57.39917,9.185944",39000,511,139
1683283385,2023-05-05T10:43:05Z,NBT60Y,"57.284317,9.363785",38975,510,140
1683283448,2023-05-05T10:44:08Z,NBT60Y,"57.169781,9.539765",38975,511,140
1683283511,2023-05-05T10:45:11Z,NBT60Y,"57.055725,9.713775",39000,512,140
1683283574,2023-05-05T10:46:14Z,NBT60Y,"56.940994,9.887009",38975,510,140
1683283637,2023-05-05T10:47:17Z,NBT60Y,"56.829109,10.054793",39000,503,140
1683283701,2023-05-05T10:48:21Z,NBT60Y,"56.712433,10.228186",39000,503,140
1683283761,2023-05-05T10:49:21Z,NBT60Y,"56.604218,10.387917",38975,506,140
1683283824,2023-05-05T10:50:24Z,NBT60Y,"56.489838,10.555372",39000,504,141
1683283887,2023-05-05T10:51:27Z,NBT60Y,"56.374527,10.722828",38975,508,141
1683283950,2023-05-05T10:52:30Z,NBT60Y,"56.259449,10.888653",38975,506,141
1683284012,2023-05-05T10:53:32Z,NBT60Y,"56.14996,11.045208",39000,506,141
1683284075,2023-05-05T10:54:35Z,NBT60Y,"56.031097,11.199563",39000,498,147
1683284137,2023-05-05T10:55:37Z,NBT60Y,"55.910213,11.338749",38975,498,147
1683284200,2023-05-05T10:56:40Z,NBT60Y,"55.78862,11.478382",39000,500,147
1683284261,2023-05-05T10:57:41Z,NBT60Y,"55.670425,11.61272",39000,498,147
1683284322,2023-05-05T10:58:42Z,NBT60Y,"55.552597,11.74555",39000,495,147
1683284384,2023-05-05T10:59:44Z,NBT60Y,"55.432308,11.880299",39000,496,147
1683284445,2023-05-05T11:00:45Z,NBT60Y,"55.316208,12.009188",38975,494,147
1683284505,2023-05-05T11:01:45Z,NBT60Y,"55.198563,12.139246",39000,494,147
1683284567,2023-05-05T11:02:47Z,NBT60Y,"55.081879,12.267124",38975,494,147
1683284628,2023-05-05T11:03:48Z,NBT60Y,"54.961258,12.398395",38975,495,147
1683284691,2023-05-05T11:04:51Z,NBT60Y,"54.838348,12.531199",39000,495,148
1683284712,2023-05-05T11:05:12Z,NBT60Y,"54.796188,12.568198",39000,492,158
1683284715,2023-05-05T11:05:15Z,NBT60Y,"54.790493,12.571855",39000,490,159
1683284718,2023-05-05T11:05:18Z,NBT60Y,"54.783649,12.576016",38975,489,161
1683284721,2023-05-05T11:05:21Z,NBT60Y,"54.77634,12.579928",39000,490,161
1683284724,2023-05-05T11:05:24Z,NBT60Y,"54.770245,12.582925",38975,488,164
1683284727,2023-05-05T11:05:27Z,NBT60Y,"54.76368,12.585754",39000,487,166
1683284730,2023-05-05T11:05:30Z,NBT60Y,"54.757324,12.588151",39000,486,167
1683284733,2023-05-05T11:05:33Z,NBT60Y,"54.751808,12.590082",39000,486,169
1683284736,2023-05-05T11:05:36Z,NBT60Y,"54.746548,12.59158",38975,486,171
1683284739,2023-05-05T11:05:39Z,NBT60Y,"54.737656,12.593744",38975,484,172
1683284742,2023-05-05T11:05:42Z,NBT60Y,"54.731232,12.594936",38975,484,174
1683284745,2023-05-05T11:05:45Z,NBT60Y,"54.725006,12.595825",38975,484,176
1683284748,2023-05-05T11:05:48Z,NBT60Y,"54.716537,12.596552",39000,482,177
1683284751,2023-05-05T11:05:51Z,NBT60Y,"54.710312,12.596875",39000,482,178
1683284754,2023-05-05T11:05:54Z,NBT60Y,"54.704544,12.597198",38975,482,178
1683284757,2023-05-05T11:05:57Z,NBT60Y,"54.696739,12.597573",38975,482,177
1683284760,2023-05-05T11:06:00Z,NBT60Y,"54.690765,12.598006",39000,482,177
1683284824,2023-05-05T11:07:04Z,NBT60Y,"54.550983,12.607477",39000,484,177
1683284886,2023-05-05T11:08:06Z,NBT60Y,"54.411327,12.616383",38900,476,177
1683284949,2023-05-05T11:09:09Z,NBT60Y,"54.276093,12.624745",37150,456,178
1683285012,2023-05-05T11:10:12Z,NBT60Y,"54.147812,12.632787",35275,439,177
1683285076,2023-05-05T11:11:16Z,NBT60Y,"54.019169,12.640497",33300,426,177
1683285137,2023-05-05T11:12:17Z,NBT60Y,"53.900043,12.647929",31425,414,177
1683285197,2023-05-05T11:13:17Z,NBT60Y,"53.785995,12.654916",29200,414,177
1683285260,2023-05-05T11:14:20Z,NBT60Y,"53.665695,12.662292",27025,406,177
1683285322,2023-05-05T11:15:22Z,NBT60Y,"53.551163,12.669198",25050,398,177
1683285385,2023-05-05T11:16:25Z,NBT60Y,"53.437546,12.69792",23050,394,168
1683285448,2023-05-05T11:17:28Z,NBT60Y,"53.323837,12.736136",20900,390,168
1683285512,2023-05-05T11:18:32Z,NBT60Y,"53.213654,12.772705",18900,381,168
1683285572,2023-05-05T11:19:32Z,NBT60Y,"53.111069,12.807469",17125,370,168
1683285606,2023-05-05T11:20:06Z,NBT60Y,"53.054581,12.826233",16075,364,168
1683285639,2023-05-05T11:20:39Z,NBT60Y,"53.002121,12.843323",14925,364,168
1683285671,2023-05-05T11:21:11Z,NBT60Y,"52.946838,12.861223",13850,362,168
1683285704,2023-05-05T11:21:44Z,NBT60Y,"52.893906,12.878952",13100,349,168
1683285737,2023-05-05T11:22:17Z,NBT60Y,"52.841118,12.896615",12050,346,168
1683285770,2023-05-05T11:22:50Z,NBT60Y,"52.789818,12.91333",11125,340,168
1683285782,2023-05-05T11:23:02Z,NBT60Y,"52.771431,12.919373",10900,335,168
1683285794,2023-05-05T11:23:14Z,NBT60Y,"52.753414,12.925258",10725,328,168
1683285806,2023-05-05T11:23:26Z,NBT60Y,"52.735565,12.931137",10550,321,168
1683285818,2023-05-05T11:23:38Z,NBT60Y,"52.718033,12.936935",10425,314,168
1683285830,2023-05-05T11:23:50Z,NBT60Y,"52.701141,12.942505",10275,307,168
1683285842,2023-05-05T11:24:02Z,NBT60Y,"52.68475,12.947859",10125,300,168
1683285854,2023-05-05T11:24:14Z,NBT60Y,"52.668316,12.953195",10025,293,169
1683285867,2023-05-05T11:24:27Z,NBT60Y,"52.652397,12.958296",9975,286,168
1683285878,2023-05-05T11:24:38Z,NBT60Y,"52.637329,12.963104",9975,282,168
1683285891,2023-05-05T11:24:51Z,NBT60Y,"52.622139,12.968026",9750,280,168
1683285903,2023-05-05T11:25:03Z,NBT60Y,"52.606476,12.973099",9475,280,168
1683285915,2023-05-05T11:25:15Z,NBT60Y,"52.591827,12.977829",9275,277,168
1683285927,2023-05-05T11:25:27Z,NBT60Y,"52.576145,12.982858",9025,276,168
1683285939,2023-05-05T11:25:39Z,NBT60Y,"52.560921,12.98788",8775,275,168
1683285951,2023-05-05T11:25:51Z,NBT60Y,"52.546024,12.992745",8550,272,168
1683285963,2023-05-05T11:26:03Z,NBT60Y,"52.531548,12.997533",8350,268,168
1683285975,2023-05-05T11:26:15Z,NBT60Y,"52.516884,13.002241",8025,263,169
1683285987,2023-05-05T11:26:27Z,NBT60Y,"52.502777,13.006714",7625,262,169
1683285999,2023-05-05T11:26:39Z,NBT60Y,"52.488533,13.011108",7300,260,169
1683286011,2023-05-05T11:26:51Z,NBT60Y,"52.473915,13.015895",6950,259,168
1683286023,2023-05-05T11:27:03Z,NBT60Y,"52.459991,13.020554",6650,258,168
1683286035,2023-05-05T11:27:15Z,NBT60Y,"52.445843,13.025233",6425,256,168
1683286047,2023-05-05T11:27:27Z,NBT60Y,"52.431877,13.029785",6150,256,168
1683286059,2023-05-05T11:27:39Z,NBT60Y,"52.41824,13.03418",5900,254,168
1683286071,2023-05-05T11:27:51Z,NBT60Y,"52.404411,13.038574",5725,251,168
1683286083,2023-05-05T11:28:03Z,NBT60Y,"52.390911,13.042969",5625,245,168
1683286095,2023-05-05T11:28:15Z,NBT60Y,"52.377411,13.047285",5450,241,168
1683286107,2023-05-05T11:28:27Z,NBT60Y,"52.364182,13.051453",5250,240,169
1683286119,2023-05-05T11:28:39Z,NBT60Y,"52.35083,13.055681",5000,239,169
1683286131,2023-05-05T11:28:51Z,NBT60Y,"52.338181,13.059616",4775,237,169
1683286137,2023-05-05T11:28:57Z,NBT60Y,"52.331417,13.061881",4700,235,168
1683286143,2023-05-05T11:29:03Z,NBT60Y,"52.325043,13.064",4600,234,168
1683286149,2023-05-05T11:29:09Z,NBT60Y,"52.318897,13.06604",4500,234,168
1683286155,2023-05-05T11:29:15Z,NBT60Y,"52.312611,13.068395",4425,231,165
1683286158,2023-05-05T11:29:18Z,NBT60Y,"52.309399,13.070121",4400,229,161
1683286161,2023-05-05T11:29:21Z,NBT60Y,"52.306595,13.072128",4375,226,155
1683286164,2023-05-05T11:29:24Z,NBT60Y,"52.304398,13.074112",4350,225,149
1683286168,2023-05-05T11:29:28Z,NBT60Y,"52.301331,13.077545",4325,223,143
1683286170,2023-05-05T11:29:30Z,NBT60Y,"52.299042,13.080902",4300,221,137
1683286173,2023-05-05T11:29:33Z,NBT60Y,"52.29697,13.084795",4250,219,130
1683286177,2023-05-05T11:29:37Z,NBT60Y,"52.295246,13.088876",4225,218,123
1683286180,2023-05-05T11:29:40Z,NBT60Y,"52.293915,13.093033",4225,216,117
1683286183,2023-05-05T11:29:43Z,NBT60Y,"52.292725,13.097534",4200,214,112
1683286186,2023-05-05T11:29:46Z,NBT60Y,"52.291756,13.102217",4200,213,108
1683286189,2023-05-05T11:29:49Z,NBT60Y,"52.290894,13.106995",4175,211,106
1683286192,2023-05-05T11:29:52Z,NBT60Y,"52.290173,13.111398",4150,209,104
1683286195,2023-05-05T11:29:55Z,NBT60Y,"52.28952,13.116226",4100,209,102
1683286198,2023-05-05T11:29:58Z,NBT60Y,"52.288879,13.120804",4050,208,102
1683286201,2023-05-05T11:30:01Z,NBT60Y,"52.288311,13.125209",3975,208,101
1683286203,2023-05-05T11:30:03Z,NBT60Y,"52.2878,13.129525",3925,207,101
1683286207,2023-05-05T11:30:07Z,NBT60Y,"52.287334,13.134155",3875,206,97
1683286209,2023-05-05T11:30:09Z,NBT60Y,"52.287231,13.138962",3850,206,91
1683286213,2023-05-05T11:30:13Z,NBT60Y,"52.287506,13.144226",3825,205,84
1683286216,2023-05-05T11:30:16Z,NBT60Y,"52.28801,13.148499",3800,203,78
1683286219,2023-05-05T11:30:19Z,NBT60Y,"52.288696,13.152924",3800,201,74
1683286222,2023-05-05T11:30:22Z,NBT60Y,"52.28952,13.157196",3800,199,73
1683286225,2023-05-05T11:30:25Z,NBT60Y,"52.29039,13.161469",3800,195,71
1683286228,2023-05-05T11:30:28Z,NBT60Y,"52.291199,13.165153",3800,194,70
1683286231,2023-05-05T11:30:31Z,NBT60Y,"52.29213,13.169403",3800,193,69
1683286233,2023-05-05T11:30:33Z,NBT60Y,"52.29306,13.173392",3800,194,69
1683286237,2023-05-05T11:30:37Z,NBT60Y,"52.294037,13.177473",3800,194,68
1683286240,2023-05-05T11:30:40Z,NBT60Y,"52.295063,13.181788",3800,194,68
1683286243,2023-05-05T11:30:43Z,NBT60Y,"52.296066,13.185959",3800,191,68
1683286245,2023-05-05T11:30:45Z,NBT60Y,"52.297016,13.189872",3800,191,68
1683286249,2023-05-05T11:30:49Z,NBT60Y,"52.298088,13.194188",3775,192,68
1683286255,2023-05-05T11:30:55Z,NBT60Y,"52.300041,13.202349",3725,194,68
1683286261,2023-05-05T11:31:01Z,NBT60Y,"52.301998,13.210275",3625,195,68
1683286266,2023-05-05T11:31:06Z,NBT60Y,"52.303894,13.218079",3500,197,68
1683286272,2023-05-05T11:31:12Z,NBT60Y,"52.305908,13.226519",3375,196,68
1683286279,2023-05-05T11:31:19Z,NBT60Y,"52.308151,13.235779",3250,196,68
1683286285,2023-05-05T11:31:25Z,NBT60Y,"52.309864,13.243077",3125,196,68
1683286291,2023-05-05T11:31:31Z,NBT60Y,"52.312008,13.251945",2975,196,68
1683286297,2023-05-05T11:31:37Z,NBT60Y,"52.313824,13.259321",2850,195,67
1683286303,2023-05-05T11:31:43Z,NBT60Y,"52.316071,13.268433",2750,193,68
1683286309,2023-05-05T11:31:49Z,NBT60Y,"52.318012,13.27635",2650,192,68
1683286315,2023-05-05T11:31:55Z,NBT60Y,"52.319733,13.283648",2550,189,68
1683286321,2023-05-05T11:32:01Z,NBT60Y,"52.321781,13.292358",2450,186,68
1683286327,2023-05-05T11:32:07Z,NBT60Y,"52.323624,13.300171",2375,180,68
1683286333,2023-05-05T11:32:13Z,NBT60Y,"52.325367,13.307347",2275,177,68
1683286339,2023-05-05T11:32:19Z,NBT60Y,"52.327137,13.314802",2150,174,68
1683286345,2023-05-05T11:32:25Z,NBT60Y,"52.32909,13.322728",2025,170,68
1683286351,2023-05-05T11:32:31Z,NBT60Y,"52.330765,13.329697",1925,166,68
1683286357,2023-05-05T11:32:37Z,NBT60Y,"52.332413,13.336563",1850,162,68
1683286363,2023-05-05T11:32:43Z,NBT60Y,"52.333981,13.343131",1750,157,68
1683286369,2023-05-05T11:32:49Z,NBT60Y,"52.335281,13.348624",1675,154,68
1683286376,2023-05-05T11:32:56Z,NBT60Y,"52.337219,13.356857",1600,148,69
1683286381,2023-05-05T11:33:01Z,NBT60Y,"52.338634,13.362906",1550,144,69
1683286388,2023-05-05T11:33:08Z,NBT60Y,"52.339966,13.368607",1475,141,68
1683286394,2023-05-05T11:33:14Z,NBT60Y,"52.341522,13.374991",1400,139,68
1683286399,2023-05-05T11:33:19Z,NBT60Y,"52.342484,13.378983",1325,140,68
1683286406,2023-05-05T11:33:26Z,NBT60Y,"52.344086,13.385544",1250,141,68
1683286412,2023-05-05T11:33:32Z,NBT60Y,"52.345779,13.392792",1175,143,69
1683286417,2023-05-05T11:33:37Z,NBT60Y,"52.347107,13.398298",1100,142,69
1683286424,2023-05-05T11:33:44Z,NBT60Y,"52.348389,13.403854",1000,142,69
1683286430,2023-05-05T11:33:50Z,NBT60Y,"52.349808,13.409882",925,142,69
1683286436,2023-05-05T11:33:56Z,NBT60Y,"52.351204,13.415797",850,142,68
1683286442,2023-05-05T11:34:02Z,NBT60Y,"52.352646,13.421762",800,142,68
1683286448,2023-05-05T11:34:08Z,NBT60Y,"52.354275,13.428667",700,143,68
1683286454,2023-05-05T11:34:14Z,NBT60Y,"52.35585,13.435211",650,141,68
1683286460,2023-05-05T11:34:20Z,NBT60Y,"52.357224,13.441086",550,139,68
1683286466,2023-05-05T11:34:26Z,NBT60Y,"52.358513,13.446481",475,138,68
1683286471,2023-05-05T11:34:31Z,NBT60Y,"52.359741,13.451614",425,138,68
1683286478,2023-05-05T11:34:38Z,NBT60Y,"52.361492,13.458723",325,140,68
1683286484,2023-05-05T11:34:44Z,NBT60Y,"52.362762,13.464203",250,140,68
1683286490,2023-05-05T11:34:50Z,NBT60Y,"52.364273,13.470459",175,139,68
1683286496,2023-05-05T11:34:56Z,NBT60Y,"52.365543,13.47583",100,137,69
1683286503,2023-05-05T11:35:03Z,NBT60Y,"52.367172,13.482814",25,138,68
1683286511,2023-05-05T11:35:11Z,NBT60Y,"52.36824,13.487288",0,136,68
1683286517,2023-05-05T11:35:17Z,NBT60Y,"52.369778,13.4938",0,132,69
1683286523,2023-05-05T11:35:23Z,NBT60Y,"52.371506,13.500977",0,101,68
1683286529,2023-05-05T11:35:29Z,NBT60Y,"52.372364,13.504658",0,78,64
1683286537,2023-05-05T11:35:37Z,NBT60Y,"52.373154,13.508063",0,55,64
1683286543,2023-05-05T11:35:43Z,NBT60Y,"52.373703,13.510342",0,37,64
1683286549,2023-05-05T11:35:49Z,NBT60Y,"52.374016,13.511634",0,29,64
1683286556,2023-05-05T11:35:56Z,NBT60Y,"52.374275,13.512783",0,22,64
1683286559,2023-05-05T11:35:59Z,NBT60Y,"52.374386,13.513341",0,20,70
1683286562,2023-05-05T11:36:02Z,NBT60Y,"52.374424,13.513641",0,20,73
1683286563,2023-05-05T11:36:03Z,NBT60Y,"52.374447,13.51387",0,20,75
1683286565,2023-05-05T11:36:05Z,NBT60Y,"52.374481,13.514175",0,19,75
1683286566,2023-05-05T11:36:06Z,NBT60Y,"52.374493,13.514404",0,19,78
1683286569,2023-05-05T11:36:09Z,NBT60Y,"52.374516,13.514792",0,19,81
1683286571,2023-05-05T11:36:11Z,NBT60Y,"52.374527,13.515047",0,19,81
1683286575,2023-05-05T11:36:15Z,NBT60Y,"52.374527,13.515625",0,19,87
1683286577,2023-05-05T11:36:17Z,NBT60Y,"52.374516,13.515949",0,19,87
1683286580,2023-05-05T11:36:20Z,NBT60Y,"52.374504,13.516303",0,19,90
1683286583,2023-05-05T11:36:23Z,NBT60Y,"52.374458,13.516808",0,19,92
1683286585,2023-05-05T11:36:25Z,NBT60Y,"52.374435,13.517132",0,19,92
1683286588,2023-05-05T11:36:28Z,NBT60Y,"52.374401,13.517532",0,17,95
1683286591,2023-05-05T11:36:31Z,NBT60Y,"52.374367,13.517857",0,15,95
1683286594,2023-05-05T11:36:34Z,NBT60Y,"52.37434,13.518167",0,15,95
1683286597,2023-05-05T11:36:37Z,NBT60Y,"52.374298,13.518543",0,14,95
1683286601,2023-05-05T11:36:41Z,NBT60Y,"52.37426,13.518931",0,12,95
1683286604,2023-05-05T11:36:44Z,NBT60Y,"52.374222,13.519167",0,11,98
1683286609,2023-05-05T11:36:49Z,NBT60Y,"52.374107,13.519442",0,9,118
1683286614,2023-05-05T11:36:54Z,NBT60Y,"52.373898,13.519573",0,9,149
1683286619,2023-05-05T11:36:59Z,NBT60Y,"52.373676,13.519521",0,10,174
1683286625,2023-05-05T11:37:05Z,NBT60Y,"52.373486,13.519268",0,11,208
1683286628,2023-05-05T11:37:08Z,NBT60Y,"52.373394,13.519001",0,11,230
1683286631,2023-05-05T11:37:11Z,NBT60Y,"52.373348,13.518753",0,11,241
1683286634,2023-05-05T11:37:14Z,NBT60Y,"52.37328,13.5185",0,12,244
1683286640,2023-05-05T11:37:20Z,NBT60Y,"52.373177,13.518029",0,12,244
1683286643,2023-05-05T11:37:23Z,NBT60Y,"52.373131,13.51778",0,12,247
1683286645,2023-05-05T11:37:25Z,NBT60Y,"52.37307,13.517578",0,13,244
1683286648,2023-05-05T11:37:28Z,NBT60Y,"52.373001,13.517264",0,13,244
1683286654,2023-05-05T11:37:34Z,NBT60Y,"52.372864,13.516715",0,14,244
1683286661,2023-05-05T11:37:41Z,NBT60Y,"52.372696,13.516045",0,14,244
1683286667,2023-05-05T11:37:47Z,NBT60Y,"52.372547,13.515434",0,15,244
1683286673,2023-05-05T11:37:53Z,NBT60Y,"52.372398,13.514824",0,15,244
1683286679,2023-05-05T11:37:59Z,NBT60Y,"52.372261,13.514194",0,15,244
1683286686,2023-05-05T11:38:06Z,NBT60Y,"52.372047,13.513321",0,16,244
1683286693,2023-05-05T11:38:13Z,NBT60Y,"52.371849,13.512516",0,17,244
1683286699,2023-05-05T11:38:19Z,NBT60Y,"52.371685,13.51181",0,17,244
1683286708,2023-05-05T11:38:28Z,NBT60Y,"52.371418,13.510673",0,18,244
1683286716,2023-05-05T11:38:36Z,NBT60Y,"52.371174,13.509633",0,18,244
1683286720,2023-05-05T11:38:40Z,NBT60Y,"52.371002,13.508911",0,19,244
1683286729,2023-05-05T11:38:49Z,NBT60Y,"52.370739,13.507786",0,20,244
1683286734,2023-05-05T11:38:54Z,NBT60Y,"52.370544,13.506966",0,21,244
1683286743,2023-05-05T11:39:03Z,NBT60Y,"52.370232,13.50567",0,22,244
1683286748,2023-05-05T11:39:08Z,NBT60Y,"52.370052,13.504906",0,21,244
1683286755,2023-05-05T11:39:15Z,NBT60Y,"52.369801,13.503865",0,19,244
1683286760,2023-05-05T11:39:20Z,NBT60Y,"52.369663,13.503237",0,16,244
1683286766,2023-05-05T11:39:26Z,NBT60Y,"52.369514,13.502636",0,13,244
1683286772,2023-05-05T11:39:32Z,NBT60Y,"52.369389,13.502064",0,11,244
1683286778,2023-05-05T11:39:38Z,NBT60Y,"52.369286,13.501644",0,9,244
1683286784,2023-05-05T11:39:44Z,NBT60Y,"52.369198,13.501373",0,9,239
1683286790,2023-05-05T11:39:50Z,NBT60Y,"52.368954,13.501205",0,10,202
1683286794,2023-05-05T11:39:54Z,NBT60Y,"52.368725,13.50132",0,12,168
1683286802,2023-05-05T11:40:02Z,NBT60Y,"52.368313,13.501587",0,12,154
1683286808,2023-05-05T11:40:08Z,NBT60Y,"52.368031,13.501746",0,11,154
1683286813,2023-05-05T11:40:13Z,NBT60Y,"52.367809,13.501892",0,10,157
1683286817,2023-05-05T11:40:17Z,NBT60Y,"52.367603,13.501903",0,10,168
1683286822,2023-05-05T11:40:22Z,NBT60Y,"52.367371,13.501765",0,10,191
1683286827,2023-05-05T11:40:27Z,NBT60Y,"52.367149,13.501648",0,10,191
1683286832,2023-05-05T11:40:32Z,NBT60Y,"52.36694,13.501648",0,10,180
1683286836,2023-05-05T11:40:36Z,NBT60Y,"52.366734,13.501759",0,11,163
1683286841,2023-05-05T11:40:41Z,NBT60Y,"52.366508,13.501903",0,11,157
1683286846,2023-05-05T11:40:46Z,NBT60Y,"52.36623,13.50208",0,12,154
1683286850,2023-05-05T11:40:50Z,NBT60Y,"52.36602,13.502217",0,12,154
1683286854,2023-05-05T11:40:54Z,NBT60Y,"52.365788,13.502355",0,13,154
1683286859,2023-05-05T11:40:59Z,NBT60Y,"52.365528,13.502511",0,11,154
1683286866,2023-05-05T11:41:06Z,NBT60Y,"52.365273,13.502687",0,7,151
1683286874,2023-05-05T11:41:14Z,NBT60Y,"52.365204,13.503041",0,6,112
1683286880,2023-05-05T11:41:20Z,NBT60Y,"52.365292,13.503284",0,5,75
1683286886,2023-05-05T11:41:26Z,NBT60Y,"52.365345,13.503492",0,5,67
1683286893,2023-05-05T11:41:33Z,NBT60Y,"52.365402,13.503728",0,5,67
1683286899,2023-05-05T11:41:39Z,NBT60Y,"52.365459,13.503983",0,5,64
1683286906,2023-05-05T11:41:46Z,NBT60Y,"52.36552,13.504238",0,5,64
1683286912,2023-05-05T11:41:52Z,NBT60Y,"52.365578,13.504448",0,6,64
1683286920,2023-05-05T11:42:00Z,NBT60Y,"52.365646,13.504747",0,4,64
1683286930,2023-05-05T11:42:10Z,NBT60Y,"52.365692,13.504964",0,2,64
